Workbook

Sheet 본사창고
A1: 카페 쿠피 11월 입출고 관리 대장 (본사창고)
A4: 협력사 | B4: 품목명 | C4: 규격 | D4: 단위 | E4: 입고단가 | F4: 입고단위 | G4: 입고단위단가 | H4: 전월 재고 | I4: 1주차 입고 | J4: 2주차 입고 | K4: 3주차 입고 | L4: 4주차 입고 | M4: 5주차 입고 | N4: 월 입고량 | O4: 월 입고 금액 | P4: 1주차 출고량 | Q4: 2주차 출고량 | R4: 3주차 출고량 | S4: 4주차 출고량 | T4: 5주차 출고량 | U4: 월 출고량 | V4: 월 출고 금액 | W4: 현재고 | X4: 현재고 금액 | Y4: 2023년 11월 출고량 | Z4: 발주량 | AA4: 발주금액 | AB4: 발주합계 (부가세 별도) | AC4: 발주합계 (부가세 포함)
A5: 비스토리코리아 | B5: 종이컵(-12oz) | C5: 1box=1000ea | D5: ea | E5: 37 | F5: 1000 | G5: 37000 | H5: 4000 | N5: =I5+J5+K5+L5+M5 -> 0 | O5: =E5*N5 -> 0 | P5: =캠퍼스타운_외부원두영업!I5+잇다카페_외부원두영업!I5+푸른솔!I5+의과대학!I5+중앙도서관!I5+학생회관!I5+멀티미디어관!I5+제2기숙사!I5+선승관!I5+예술디자인대!I5+공학관!I5 -> 0 | Q5: =캠퍼스타운_외부원두영업!J5+잇다카페_외부원두영업!J5+푸른솔!J5+의과대학!J5+중앙도서관!J5+학생회관!J5+멀티미디어관!J5+제2기숙사!J5+선승관!J5+예술디자인대!J5+공학관!J5 -> 0 | R5: =캠퍼스타운_외부원두영업!K5+잇다카페_외부원두영업!K5+푸른솔!K5+의과대학!K5+중앙도서관!K5+학생회관!K5+제2기숙사!K5+멀티미디어관!K5+선승관!K5+예술디자인대!K5+공학관!K5 -> 0 | S5: =캠퍼스타운_외부원두영업!L5+잇다카페_외부원두영업!L5+푸른솔!L5+의과대학!L5+중앙도서관!L5+학생회관!L5+멀티미디어관!L5+제2기숙사!L5+선승관!L5+예술디자인대!L5+공학관!L5 -> 0 | T5: =캠퍼스타운_외부원두영업!M5+잇다카페_외부원두영업!M5+푸른솔!M5+의과대학!M5+중앙도서관!M5+학생회관!M5+멀티미디어관!M5+제2기숙사!M5+선승관!M5+예술디자인대!M5+공학관!M5 -> 0 | U5: =P5+Q5+R5+S5+T5 -> 0 | V5: =E5*U5 -> 0 | W5: =(H5+N5)-U5 -> 4000 | X5: =E5*W5 -> 148000 | AA5: =Z5*E5 -> 0 | AB5: =SUM(AA5:AA40) -> 0 | AC5: =AB5*1.1 -> 0
B6: 종이컵-16oz | C6: 1box=1000ea | D6: ea | E6: 43 | F6: 1000 | G6: 43000 | H6: 10000 | N6: =I6+J6+K6+L6+M6 -> 0 | O6: =E6*N6 -> 0 | P6: =캠퍼스타운_외부원두영업!I6+잇다카페_외부원두영업!I6+푸른솔!I6+의과대학!I6+중앙도서관!I6+학생회관!I6+제2기숙사!I6+멀티미디어관!I6+선승관!I6+예술디자인대!I6+공학관!I6 -> 1000 | Q6: =캠퍼스타운_외부원두영업!J6+잇다카페_외부원두영업!J6+푸른솔!J6+의과대학!J6+중앙도서관!J6+학생회관!J6+멀티미디어관!J6+제2기숙사!J6+선승관!J6+예술디자인대!J6+공학관!J6 -> 2000 | R6: =캠퍼스타운_외부원두영업!K6+잇다카페_외부원두영업!K6+푸른솔!K6+의과대학!K6+중앙도서관!K6+학생회관!K6+제2기숙사!K6+멀티미디어관!K6+선승관!K6+예술디자인대!K6+공학관!K6 -> 1000 | S6: =캠퍼스타운_외부원두영업!L6+잇다카페_외부원두영업!L6+푸른솔!L6+의과대학!L6+중앙도서관!L6+학생회관!L6+멀티미디어관!L6+제2기숙사!L6+선승관!L6+예술디자인대!L6+공학관!L6 -> 2000 | T6: =캠퍼스타운_외부원두영업!M6+잇다카페_외부원두영업!M6+푸른솔!M6+의과대학!M6+중앙도서관!M6+학생회관!M6+멀티미디어관!M6+제2기숙사!M6+선승관!M6+예술디자인대!M6+공학관!M6 -> 0 | U6: =P6+Q6+R6+S6+T6 -> 6000 | V6: =E6*U6 -> 258000 | W6: =(H6+N6)-U6 -> 4000 | X6: =E6*W6 -> 172000 | AA6: =Z6*E6 -> 0
B7: 종이컵뚜껑 (12,16oz) | C7: 1box=1000ea | D7: ea | E7: 20 | F7: 1000 | G7: 20000 | H7: 9000 | J7: 2000 | N7: =I7+J7+K7+L7+M7 -> 2000 | O7: =E7*N7 -> 40000 | P7: =캠퍼스타운_외부원두영업!I7+잇다카페_외부원두영업!I7+푸른솔!I7+의과대학!I7+중앙도서관!I7+학생회관!I7+제2기숙사!I7+멀티미디어관!I7+선승관!I7+예술디자인대!I7+공학관!I7 -> 2000 | Q7: =캠퍼스타운_외부원두영업!J7+잇다카페_외부원두영업!J7+푸른솔!J7+의과대학!J7+중앙도서관!J7+학생회관!J7+멀티미디어관!J7+제2기숙사!J7+선승관!J7+예술디자인대!J7+공학관!J7 -> 0 | R7: =캠퍼스타운_외부원두영업!K7+잇다카페_외부원두영업!K7+푸른솔!K7+의과대학!K7+중앙도서관!K7+학생회관!K7+제2기숙사!K7+멀티미디어관!K7+선승관!K7+예술디자인대!K7+공학관!K7 -> 1000 | S7: =캠퍼스타운_외부원두영업!L7+잇다카페_외부원두영업!L7+푸른솔!L7+의과대학!L7+중앙도서관!L7+학생회관!L7+멀티미디어관!L7+제2기숙사!L7+선승관!L7+예술디자인대!L7+공학관!L7 -> 1000 | T7: =캠퍼스타운_외부원두영업!M7+잇다카페_외부원두영업!M7+푸른솔!M7+의과대학!M7+중앙도서관!M7+학생회관!M7+멀티미디어관!M7+제2기숙사!M7+선승관!M7+예술디자인대!M7+공학관!M7 -> 0 | U7: =P7+Q7+R7+S7+T7 -> 4000 | V7: =E7*U7 -> 80000 | W7: =(H7+N7)-U7 -> 7000 | X7: =E7*W7 -> 140000 | AA7: =Z7*E7 -> 0
B8: 아이스(페트)컵(14oz) | C8: 1box=1000ea | D8: ea | E8: 42 | F8: 1000 | G8: 42000 | H8: 0 | N8: =I8+J8+K8+L8+M8 -> 0 | O8: =E8*N8 -> 0 | P8: =캠퍼스타운_외부원두영업!I8+잇다카페_외부원두영업!I8+푸른솔!I8+의과대학!I8+중앙도서관!I8+학생회관!I8+제2기숙사!I8+멀티미디어관!I8+선승관!I8+예술디자인대!I8+공학관!I8 -> 0 | Q8: =캠퍼스타운_외부원두영업!J8+잇다카페_외부원두영업!J8+푸른솔!J8+의과대학!J8+중앙도서관!J8+학생회관!J8+멀티미디어관!J8+제2기숙사!J8+선승관!J8+예술디자인대!J8+공학관!J8 -> 0 | R8: =캠퍼스타운_외부원두영업!K8+잇다카페_외부원두영업!K8+푸른솔!K8+의과대학!K8+중앙도서관!K8+학생회관!K8+제2기숙사!K8+멀티미디어관!K8+선승관!K8+예술디자인대!K8+공학관!K8 -> 0 | S8: =캠퍼스타운_외부원두영업!L8+잇다카페_외부원두영업!L8+푸른솔!L8+의과대학!L8+중앙도서관!L8+학생회관!L8+멀티미디어관!L8+제2기숙사!L8+선승관!L8+예술디자인대!L8+공학관!L8 -> 0 | T8: =캠퍼스타운_외부원두영업!M8+잇다카페_외부원두영업!M8+푸른솔!M8+의과대학!M8+중앙도서관!M8+학생회관!M8+멀티미디어관!M8+제2기숙사!M8+선승관!M8+예술디자인대!M8+공학관!M8 -> 0 | U8: =P8+Q8+R8+S8+T8 -> 0 | V8: =E8*U8 -> 0 | W8: =(H8+N8)-U8 -> 0 | X8: =E8*W8 -> 0 | AA8: =Z8*E8 -> 0
B9: 아이스컵(16oz) | C9: 1box=1000ea | D9: ea | E9: 53 | F9: 1000 | G9: 53000 | H9: 8000 | J9: 10000 | N9: =I9+J9+K9+L9+M9 -> 10000 | O9: =E9*N9 -> 530000 | P9: =캠퍼스타운_외부원두영업!I9+잇다카페_외부원두영업!I9+푸른솔!I9+의과대학!I9+중앙도서관!I9+학생회관!I9+제2기숙사!I9+멀티미디어관!I9+선승관!I9+예술디자인대!I9+공학관!I9 -> 2000 | Q9: =캠퍼스타운_외부원두영업!J9+잇다카페_외부원두영업!J9+푸른솔!J9+의과대학!J9+중앙도서관!J9+학생회관!J9+멀티미디어관!J9+제2기숙사!J9+선승관!J9+예술디자인대!J9+공학관!J9 -> 3000 | R9: =캠퍼스타운_외부원두영업!K9+잇다카페_외부원두영업!K9+푸른솔!K9+의과대학!K9+중앙도서관!K9+학생회관!K9+제2기숙사!K9+멀티미디어관!K9+선승관!K9+예술디자인대!K9+공학관!K9 -> 2000 | S9: =캠퍼스타운_외부원두영업!L9+잇다카페_외부원두영업!L9+푸른솔!L9+의과대학!L9+중앙도서관!L9+학생회관!L9+멀티미디어관!L9+제2기숙사!L9+선승관!L9+예술디자인대!L9+공학관!L9 -> 3000 | T9: =캠퍼스타운_외부원두영업!M9+잇다카페_외부원두영업!M9+푸른솔!M9+의과대학!M9+중앙도서관!M9+학생회관!M9+멀티미디어관!M9+제2기숙사!M9+선승관!M9+예술디자인대!M9+공학관!M9 -> 0 | U9: =P9+Q9+R9+S9+T9 -> 10000 | V9: =E9*U9 -> 530000 | W9: =(H9+N9)-U9 -> 8000 | X9: =E9*W9 -> 424000 | AA9: =Z9*E9 -> 0
B10: 아이스컵(24oz) | C10: 1box=1000ea | D10: ea | E10: 65 | F10: 1000 | G10: 65000 | H10: 7000 | J10: 1000 | N10: =I10+J10+K10+L10+M10 -> 1000 | O10: =E10*N10 -> 65000 | P10: =캠퍼스타운_외부원두영업!I10+잇다카페_외부원두영업!I10+푸른솔!I10+의과대학!I10+중앙도서관!I10+학생회관!I10+제2기숙사!I10+멀티미디어관!I10+선승관!I10+예술디자인대!I10+공학관!I10 -> 4000 | Q10: =캠퍼스타운_외부원두영업!J10+잇다카페_외부원두영업!J10+푸른솔!J10+의과대학!J10+중앙도서관!J10+학생회관!J10+멀티미디어관!J10+제2기숙사!J10+선승관!J10+예술디자인대!J10+공학관!J10 -> 1000 | R10: =캠퍼스타운_외부원두영업!K10+잇다카페_외부원두영업!K10+푸른솔!K10+의과대학!K10+중앙도서관!K10+학생회관!K10+제2기숙사!K10+멀티미디어관!K10+선승관!K10+예술디자인대!K10+공학관!K10 -> 0 | S10: =캠퍼스타운_외부원두영업!L10+잇다카페_외부원두영업!L10+푸른솔!L10+의과대학!L10+중앙도서관!L10+학생회관!L10+멀티미디어관!L10+제2기숙사!L10+선승관!L10+예술디자인대!L10+공학관!L10 -> 0 | T10: =캠퍼스타운_외부원두영업!M10+잇다카페_외부원두영업!M10+푸른솔!M10+의과대학!M10+중앙도서관!M10+학생회관!M10+멀티미디어관!M10+제2기숙사!M10+선승관!M10+예술디자인대!M10+공학관!M10 -> 0 | U10: =P10+Q10+R10+S10+T10 -> 5000 | V10: =E10*U10 -> 325000 | W10: =(H10+N10)-U10 -> 3000 | X10: =E10*W10 -> 195000 | AA10: =Z10*E10 -> 0
B11: 아이스컵 돔뚜껑(93Ø) | C11: 1box=1000ea | D11: ea | E11: 18.5 | F11: 1000 | G11: 18500 | H11: 8000 | J11: 11000 | N11: =I11+J11+K11+L11+M11 -> 11000 | O11: =E11*N11 -> 203500 | P11: =캠퍼스타운_외부원두영업!I11+잇다카페_외부원두영업!I11+푸른솔!I11+의과대학!I11+중앙도서관!I11+학생회관!I11+제2기숙사!I11+멀티미디어관!I11+선승관!I11+예술디자인대!I11+공학관!I11 -> 2000 | Q11: =캠퍼스타운_외부원두영업!J11+잇다카페_외부원두영업!J11+푸른솔!J11+의과대학!J11+중앙도서관!J11+학생회관!J11+멀티미디어관!J11+제2기숙사!J11+선승관!J11+예술디자인대!J11+공학관!J11 -> 2000 | R11: =캠퍼스타운_외부원두영업!K11+잇다카페_외부원두영업!K11+푸른솔!K11+의과대학!K11+중앙도서관!K11+학생회관!K11+제2기숙사!K11+멀티미디어관!K11+선승관!K11+예술디자인대!K11+공학관!K11 -> 2000 | S11: =캠퍼스타운_외부원두영업!L11+잇다카페_외부원두영업!L11+푸른솔!L11+의과대학!L11+중앙도서관!L11+학생회관!L11+멀티미디어관!L11+제2기숙사!L11+선승관!L11+예술디자인대!L11+공학관!L11 -> 4000 | T11: =캠퍼스타운_외부원두영업!M11+잇다카페_외부원두영업!M11+푸른솔!M11+의과대학!M11+중앙도서관!M11+학생회관!M11+멀티미디어관!M11+제2기숙사!M11+선승관!M11+예술디자인대!M11+공학관!M11 -> 0 | U11: =P11+Q11+R11+S11+T11 -> 10000 | V11: =E11*U11 -> 185000 | W11: =(H11+N11)-U11 -> 9000 | X11: =E11*W11 -> 166500 | AA11: =Z11*E11 -> 0
B12: 아이스컵 돔뚜껑(98Ø) | C12: 1box=1000ea | D12: ea | E12: 20 | F12: 1000 | G12: 20000 | H12: 6000 | J12: 1000 | N12: =I12+J12+K12+L12+M12 -> 1000 | O12: =E12*N12 -> 20000 | P12: =캠퍼스타운_외부원두영업!I12+잇다카페_외부원두영업!I12+푸른솔!I12+의과대학!I12+중앙도서관!I12+학생회관!I12+제2기숙사!I12+멀티미디어관!I12+선승관!I12+예술디자인대!I12+공학관!I12 -> 3000 | Q12: =캠퍼스타운_외부원두영업!J12+잇다카페_외부원두영업!J12+푸른솔!J12+의과대학!J12+중앙도서관!J12+학생회관!J12+멀티미디어관!J12+제2기숙사!J12+선승관!J12+예술디자인대!J12+공학관!J12 -> 0 | R12: =캠퍼스타운_외부원두영업!K12+잇다카페_외부원두영업!K12+푸른솔!K12+의과대학!K12+중앙도서관!K12+학생회관!K12+제2기숙사!K12+멀티미디어관!K12+선승관!K12+예술디자인대!K12+공학관!K12 -> 1000 | S12: =캠퍼스타운_외부원두영업!L12+잇다카페_외부원두영업!L12+푸른솔!L12+의과대학!L12+중앙도서관!L12+학생회관!L12+멀티미디어관!L12+제2기숙사!L12+선승관!L12+예술디자인대!L12+공학관!L12 -> 0 | T12: =캠퍼스타운_외부원두영업!M12+잇다카페_외부원두영업!M12+푸른솔!M12+의과대학!M12+중앙도서관!M12+학생회관!M12+멀티미디어관!M12+제2기숙사!M12+선승관!M12+예술디자인대!M12+공학관!M12 -> 0 | U12: =P12+Q12+R12+S12+T12 -> 4000 | V12: =E12*U12 -> 80000 | W12: =(H12+N12)-U12 -> 3000 | X12: =E12*W12 -> 60000 | AA12: =Z12*E12 -> 0
B13: 아이스컵 평뚜껑(98Ø) | C13: 1box=1000ea | D13: ea | E13: 19 | F13: 1000 | G13: 19000 | H13: 0 | N13: =I13+J13+K13+L13+M13 -> 0 | O13: =E13*N13 -> 0 | P13: =캠퍼스타운_외부원두영업!I13+잇다카페_외부원두영업!I13+푸른솔!I13+의과대학!I13+중앙도서관!I13+학생회관!I13+제2기숙사!I13+멀티미디어관!I13+선승관!I13+예술디자인대!I13+공학관!I13 -> 0 | Q13: =캠퍼스타운_외부원두영업!J13+잇다카페_외부원두영업!J13+푸른솔!J13+의과대학!J13+중앙도서관!J13+학생회관!J13+멀티미디어관!J13+제2기숙사!J13+선승관!J13+예술디자인대!J13+공학관!J13 -> 0 | R13: =캠퍼스타운_외부원두영업!K13+잇다카페_외부원두영업!K13+푸른솔!K13+의과대학!K13+중앙도서관!K13+학생회관!K13+제2기숙사!K13+멀티미디어관!K13+선승관!K13+예술디자인대!K13+공학관!K13 -> 0 | S13: =캠퍼스타운_외부원두영업!L13+잇다카페_외부원두영업!L13+푸른솔!L13+의과대학!L13+중앙도서관!L13+학생회관!L13+멀티미디어관!L13+제2기숙사!L13+선승관!L13+예술디자인대!L13+공학관!L13 -> 0 | T13: =캠퍼스타운_외부원두영업!M13+잇다카페_외부원두영업!M13+푸른솔!M13+의과대학!M13+중앙도서관!M13+학생회관!M13+멀티미디어관!M13+제2기숙사!M13+선승관!M13+예술디자인대!M13+공학관!M13 -> 0 | U13: =P13+Q13+R13+S13+T13 -> 0 | V13: =E13*U13 -> 0 | W13: =(H13+N13)-U13 -> 0 | X13: =E13*W13 -> 0 | AA13: =Z13*E13 -> 0
B14: 10/13홀더 | C14: 1box=1000ea | D14: ea | E14: 17.5 | F14: 1000 | G14: 17500 | H14: 3000 | N14: =I14+J14+K14+L14+M14 -> 0 | O14: =E14*N14 -> 0 | P14: =캠퍼스타운_외부원두영업!I14+잇다카페_외부원두영업!I14+푸른솔!I14+의과대학!I14+중앙도서관!I14+학생회관!I14+제2기숙사!I14+멀티미디어관!I14+선승관!I14+예술디자인대!I14+공학관!I14 -> 0 | Q14: =캠퍼스타운_외부원두영업!J14+잇다카페_외부원두영업!J14+푸른솔!J14+의과대학!J14+중앙도서관!J14+학생회관!J14+멀티미디어관!J14+제2기숙사!J14+선승관!J14+예술디자인대!J14+공학관!J14 -> 0 | R14: =캠퍼스타운_외부원두영업!K14+잇다카페_외부원두영업!K14+푸른솔!K14+의과대학!K14+중앙도서관!K14+학생회관!K14+제2기숙사!K14+멀티미디어관!K14+선승관!K14+예술디자인대!K14+공학관!K14 -> 0 | S14: =캠퍼스타운_외부원두영업!L14+잇다카페_외부원두영업!L14+푸른솔!L14+의과대학!L14+중앙도서관!L14+학생회관!L14+멀티미디어관!L14+제2기숙사!L14+선승관!L14+예술디자인대!L14+공학관!L14 -> 0 | T14: =캠퍼스타운_외부원두영업!M14+잇다카페_외부원두영업!M14+푸른솔!M14+의과대학!M14+중앙도서관!M14+학생회관!M14+멀티미디어관!M14+제2기숙사!M14+선승관!M14+예술디자인대!M14+공학관!M14 -> 0 | U14: =P14+Q14+R14+S14+T14 -> 0 | V14: =E14*U14 -> 0 | W14: =(H14+N14)-U14 -> 3000 | X14: =E14*W14 -> 52500 | AA14: =Z14*E14 -> 0
B15: 12/16홀더 | C15: 1box=1000ea | D15: ea | E15: 18 | F15: 1000 | G15: 18000 | H15: 14000 | J15: 15000 | N15: =I15+J15+K15+L15+M15 -> 15000 | O15: =E15*N15 -> 270000 | P15: =캠퍼스타운_외부원두영업!I15+잇다카페_외부원두영업!I15+푸른솔!I15+의과대학!I15+중앙도서관!I15+학생회관!I15+제2기숙사!I15+멀티미디어관!I15+선승관!I15+예술디자인대!I15+공학관!I15 -> 4000 | Q15: =캠퍼스타운_외부원두영업!J15+잇다카페_외부원두영업!J15+푸른솔!J15+의과대학!J15+중앙도서관!J15+학생회관!J15+멀티미디어관!J15+제2기숙사!J15+선승관!J15+예술디자인대!J15+공학관!J15 -> 4000 | R15: =캠퍼스타운_외부원두영업!K15+잇다카페_외부원두영업!K15+푸른솔!K15+의과대학!K15+중앙도서관!K15+학생회관!K15+제2기숙사!K15+멀티미디어관!K15+선승관!K15+예술디자인대!K15+공학관!K15 -> 4000 | S15: =캠퍼스타운_외부원두영업!L15+잇다카페_외부원두영업!L15+푸른솔!L15+의과대학!L15+중앙도서관!L15+학생회관!L15+멀티미디어관!L15+제2기숙사!L15+선승관!L15+예술디자인대!L15+공학관!L15 -> 5000 | T15: =캠퍼스타운_외부원두영업!M15+잇다카페_외부원두영업!M15+푸른솔!M15+의과대학!M15+중앙도서관!M15+학생회관!M15+멀티미디어관!M15+제2기숙사!M15+선승관!M15+예술디자인대!M15+공학관!M15 -> 0 | U15: =P15+Q15+R15+S15+T15 -> 17000 | V15: =E15*U15 -> 306000 | W15: =(H15+N15)-U15 -> 12000 | X15: =E15*W15 -> 216000 | AA15: =Z15*E15 -> 0
B16: 21cm 일자 스트로우 (투명) | C16: 1box=10000ea | D16: ea | E16: 6.9 | F16: 10000 | G16: 69000 | H16: 10000 | J16: 10000 | N16: =I16+J16+K16+L16+M16 -> 10000 | O16: =E16*N16 -> 69000 | P16: =캠퍼스타운_외부원두영업!I16+잇다카페_외부원두영업!I16+푸른솔!I16+의과대학!I16+중앙도서관!I16+학생회관!I16+제2기숙사!I16+멀티미디어관!I16+선승관!I16+예술디자인대!I16+공학관!I16 -> 500 | Q16: =캠퍼스타운_외부원두영업!J16+잇다카페_외부원두영업!J16+푸른솔!J16+의과대학!J16+중앙도서관!J16+학생회관!J16+멀티미디어관!J16+제2기숙사!J16+선승관!J16+예술디자인대!J16+공학관!J16 -> 1500 | R16: =캠퍼스타운_외부원두영업!K16+잇다카페_외부원두영업!K16+푸른솔!K16+의과대학!K16+중앙도서관!K16+학생회관!K16+제2기숙사!K16+멀티미디어관!K16+선승관!K16+예술디자인대!K16+공학관!K16 -> 1500 | S16: =캠퍼스타운_외부원두영업!L16+잇다카페_외부원두영업!L16+푸른솔!L16+의과대학!L16+중앙도서관!L16+학생회관!L16+멀티미디어관!L16+제2기숙사!L16+선승관!L16+예술디자인대!L16+공학관!L16 -> 2000 | T16: =캠퍼스타운_외부원두영업!M16+잇다카페_외부원두영업!M16+푸른솔!M16+의과대학!M16+중앙도서관!M16+학생회관!M16+멀티미디어관!M16+제2기숙사!M16+선승관!M16+예술디자인대!M16+공학관!M16 -> 0 | U16: =P16+Q16+R16+S16+T16 -> 5500 | V16: =E16*U16 -> 37950 | W16: =(H16+N16)-U16 -> 14500 | X16: =E16*W16 -> 100050 | AA16: =Z16*E16 -> 0
B17: 21cm 버블티 스트로우 | C17: 1box=3200ea | D17: ea | E17: 22.1875 | F17: 3200 | G17: 71000 | H17: 2200 | J17: 3200 | N17: =I17+J17+K17+L17+M17 -> 3200 | O17: =E17*N17 -> 71000 | P17: =캠퍼스타운_외부원두영업!I17+잇다카페_외부원두영업!I17+푸른솔!I17+의과대학!I17+중앙도서관!I17+학생회관!I17+제2기숙사!I17+멀티미디어관!I17+선승관!I17+예술디자인대!I17+공학관!I17 -> 200 | Q17: =캠퍼스타운_외부원두영업!J17+잇다카페_외부원두영업!J17+푸른솔!J17+의과대학!J17+중앙도서관!J17+학생회관!J17+멀티미디어관!J17+제2기숙사!J17+선승관!J17+예술디자인대!J17+공학관!J17 -> 0 | R17: =캠퍼스타운_외부원두영업!K17+잇다카페_외부원두영업!K17+푸른솔!K17+의과대학!K17+중앙도서관!K17+학생회관!K17+제2기숙사!K17+멀티미디어관!K17+선승관!K17+예술디자인대!K17+공학관!K17 -> 0 | S17: =캠퍼스타운_외부원두영업!L17+잇다카페_외부원두영업!L17+푸른솔!L17+의과대학!L17+중앙도서관!L17+학생회관!L17+멀티미디어관!L17+제2기숙사!L17+선승관!L17+예술디자인대!L17+공학관!L17 -> 200 | T17: =캠퍼스타운_외부원두영업!M17+잇다카페_외부원두영업!M17+푸른솔!M17+의과대학!M17+중앙도서관!M17+학생회관!M17+멀티미디어관!M17+제2기숙사!M17+선승관!M17+예술디자인대!M17+공학관!M17 -> 0 | U17: =P17+Q17+R17+S17+T17 -> 400 | V17: =E17*U17 -> 8875 | W17: =(H17+N17)-U17 -> 5000 | X17: =E17*W17 -> 110937.5 | AA17: =Z17*E17 -> 0
B18: 25cm 일자 스트로우 (블랙) | C18: 1box=10000ea | D18: ea | E18: 7.2 | F18: 10000 | G18: 72000 | H18: 9000 | J18: 10000 | N18: =I18+J18+K18+L18+M18 -> 10000 | O18: =E18*N18 -> 72000 | P18: =캠퍼스타운_외부원두영업!I18+잇다카페_외부원두영업!I18+푸른솔!I18+의과대학!I18+중앙도서관!I18+학생회관!I18+제2기숙사!I18+멀티미디어관!I18+선승관!I18+예술디자인대!I18+공학관!I18 -> 1500 | Q18: =캠퍼스타운_외부원두영업!J18+잇다카페_외부원두영업!J18+푸른솔!J18+의과대학!J18+중앙도서관!J18+학생회관!J18+멀티미디어관!J18+제2기숙사!J18+선승관!J18+예술디자인대!J18+공학관!J18 -> 2500 | R18: =캠퍼스타운_외부원두영업!K18+잇다카페_외부원두영업!K18+푸른솔!K18+의과대학!K18+중앙도서관!K18+학생회관!K18+제2기숙사!K18+멀티미디어관!K18+선승관!K18+예술디자인대!K18+공학관!K18 -> 0 | S18: =캠퍼스타운_외부원두영업!L18+잇다카페_외부원두영업!L18+푸른솔!L18+의과대학!L18+중앙도서관!L18+학생회관!L18+멀티미디어관!L18+제2기숙사!L18+선승관!L18+예술디자인대!L18+공학관!L18 -> 1000 | T18: =캠퍼스타운_외부원두영업!M18+잇다카페_외부원두영업!M18+푸른솔!M18+의과대학!M18+중앙도서관!M18+학생회관!M18+멀티미디어관!M18+제2기숙사!M18+선승관!M18+예술디자인대!M18+공학관!M18 -> 0 | U18: =P18+Q18+R18+S18+T18 -> 5000 | V18: =E18*U18 -> 36000 | W18: =(H18+N18)-U18 -> 14000 | X18: =E18*W18 -> 100800 | AA18: =Z18*E18 -> 0
B19: 21cm 종이 스트로우 | C19: 1box=5000ea | D19: ea | E19: 18 | F19: 5000 | G19: 90000 | H19: 3500 | N19: =I19+J19+K19+L19+M19 -> 0 | O19: =E19*N19 -> 0 | P19: =캠퍼스타운_외부원두영업!I19+잇다카페_외부원두영업!I19+푸른솔!I19+의과대학!I19+중앙도서관!I19+학생회관!I19+제2기숙사!I19+멀티미디어관!I19+선승관!I19+예술디자인대!I19+공학관!I19 -> 0 | Q19: =캠퍼스타운_외부원두영업!J19+잇다카페_외부원두영업!J19+푸른솔!J19+의과대학!J19+중앙도서관!J19+학생회관!J19+멀티미디어관!J19+제2기숙사!J19+선승관!J19+예술디자인대!J19+공학관!J19 -> 0 | R19: =캠퍼스타운_외부원두영업!K19+잇다카페_외부원두영업!K19+푸른솔!K19+의과대학!K19+중앙도서관!K19+학생회관!K19+제2기숙사!K19+멀티미디어관!K19+선승관!K19+예술디자인대!K19+공학관!K19 -> 0 | S19: =캠퍼스타운_외부원두영업!L19+잇다카페_외부원두영업!L19+푸른솔!L19+의과대학!L19+중앙도서관!L19+학생회관!L19+멀티미디어관!L19+제2기숙사!L19+선승관!L19+예술디자인대!L19+공학관!L19 -> 0 | T19: =캠퍼스타운_외부원두영업!M19+잇다카페_외부원두영업!M19+푸른솔!M19+의과대학!M19+중앙도서관!M19+학생회관!M19+멀티미디어관!M19+제2기숙사!M19+선승관!M19+예술디자인대!M19+공학관!M19 -> 0 | U19: =P19+Q19+R19+S19+T19 -> 0 | V19: =E19*U19 -> 0 | W19: =(H19+N19)-U19 -> 3500 | X19: =E19*W19 -> 63000 | AA19: =Z19*E19 -> 0
B20: 21cm 종이 버블 스트로우 | C20: 1box=4000ea | D20: ea | E20: 26.7 | F20: 4000 | G20: 106800 | H20: 4600 | N20: =I20+J20+K20+L20+M20 -> 0 | O20: =E20*N20 -> 0 | P20: =캠퍼스타운_외부원두영업!I20+잇다카페_외부원두영업!I20+푸른솔!I20+의과대학!I20+중앙도서관!I20+학생회관!I20+제2기숙사!I20+멀티미디어관!I20+선승관!I20+예술디자인대!I20+공학관!I20 -> 0 | Q20: =캠퍼스타운_외부원두영업!J20+잇다카페_외부원두영업!J20+푸른솔!J20+의과대학!J20+중앙도서관!J20+학생회관!J20+멀티미디어관!J20+제2기숙사!J20+선승관!J20+예술디자인대!J20+공학관!J20 -> 0 | R20: =캠퍼스타운_외부원두영업!K20+잇다카페_외부원두영업!K20+푸른솔!K20+의과대학!K20+중앙도서관!K20+학생회관!K20+제2기숙사!K20+멀티미디어관!K20+선승관!K20+예술디자인대!K20+공학관!K20 -> 0 | S20: =캠퍼스타운_외부원두영업!L20+잇다카페_외부원두영업!L20+푸른솔!L20+의과대학!L20+중앙도서관!L20+학생회관!L20+멀티미디어관!L20+제2기숙사!L20+선승관!L20+예술디자인대!L20+공학관!L20 -> 0 | T20: =캠퍼스타운_외부원두영업!M20+잇다카페_외부원두영업!M20+푸른솔!M20+의과대학!M20+중앙도서관!M20+학생회관!M20+멀티미디어관!M20+제2기숙사!M20+선승관!M20+예술디자인대!M20+공학관!M20 -> 0 | U20: =P20+Q20+R20+S20+T20 -> 0 | V20: =E20*U20 -> 0 | W20: =(H20+N20)-U20 -> 4600 | X20: =E20*W20 -> 122820 | AA20: =Z20*E20 -> 0
B21: 25cm 버블티 스트로우 | C21: 1box=3200ea | D21: ea | E21: 22.8125 | F21: 3200 | G21: 73000 | H21: 4200 | N21: =I21+J21+K21+L21+M21 -> 0 | O21: =E21*N21 -> 0 | P21: =캠퍼스타운_외부원두영업!I21+잇다카페_외부원두영업!I21+푸른솔!I21+의과대학!I21+중앙도서관!I21+학생회관!I21+제2기숙사!I21+멀티미디어관!I21+선승관!I21+예술디자인대!I21+공학관!I21 -> 200 | Q21: =캠퍼스타운_외부원두영업!J21+잇다카페_외부원두영업!J21+푸른솔!J21+의과대학!J21+중앙도서관!J21+학생회관!J21+멀티미디어관!J21+제2기숙사!J21+선승관!J21+예술디자인대!J21+공학관!J21 -> 0 | R21: =캠퍼스타운_외부원두영업!K21+잇다카페_외부원두영업!K21+푸른솔!K21+의과대학!K21+중앙도서관!K21+학생회관!K21+제2기숙사!K21+멀티미디어관!K21+선승관!K21+예술디자인대!K21+공학관!K21 -> 0 | S21: =캠퍼스타운_외부원두영업!L21+잇다카페_외부원두영업!L21+푸른솔!L21+의과대학!L21+중앙도서관!L21+학생회관!L21+멀티미디어관!L21+제2기숙사!L21+선승관!L21+예술디자인대!L21+공학관!L21 -> 0 | T21: =캠퍼스타운_외부원두영업!M21+잇다카페_외부원두영업!M21+푸른솔!M21+의과대학!M21+중앙도서관!M21+학생회관!M21+멀티미디어관!M21+제2기숙사!M21+선승관!M21+예술디자인대!M21+공학관!M21 -> 0 | U21: =P21+Q21+R21+S21+T21 -> 200 | V21: =E21*U21 -> 4562.5 | W21: =(H21+N21)-U21 -> 4000 | X21: =E21*W21 -> 91250 | AA21: =Z21*E21 -> 0
B22: 캐리어 무지(크라프트지) | C22: 1box=200ea | D22: ea | E22: 112.5 | F22: 200 | G22: 22500 | H22: 1400 | J22: 1000 | N22: =I22+J22+K22+L22+M22 -> 1000 | O22: =E22*N22 -> 112500 | P22: =캠퍼스타운_외부원두영업!I22+잇다카페_외부원두영업!I22+푸른솔!I22+의과대학!I22+중앙도서관!I22+학생회관!I22+제2기숙사!I22+멀티미디어관!I22+선승관!I22+예술디자인대!I22+공학관!I22 -> 400 | Q22: =캠퍼스타운_외부원두영업!J22+잇다카페_외부원두영업!J22+푸른솔!J22+의과대학!J22+중앙도서관!J22+학생회관!J22+멀티미디어관!J22+제2기숙사!J22+선승관!J22+예술디자인대!J22+공학관!J22 -> 400 | R22: =캠퍼스타운_외부원두영업!K22+잇다카페_외부원두영업!K22+푸른솔!K22+의과대학!K22+중앙도서관!K22+학생회관!K22+제2기숙사!K22+멀티미디어관!K22+선승관!K22+예술디자인대!K22+공학관!K22 -> 0 | S22: =캠퍼스타운_외부원두영업!L22+잇다카페_외부원두영업!L22+푸른솔!L22+의과대학!L22+중앙도서관!L22+학생회관!L22+멀티미디어관!L22+제2기숙사!L22+선승관!L22+예술디자인대!L22+공학관!L22 -> 200 | T22: =캠퍼스타운_외부원두영업!M22+잇다카페_외부원두영업!M22+푸른솔!M22+의과대학!M22+중앙도서관!M22+학생회관!M22+멀티미디어관!M22+제2기숙사!M22+선승관!M22+예술디자인대!M22+공학관!M22 -> 0 | U22: =P22+Q22+R22+S22+T22 -> 1000 | V22: =E22*U22 -> 112500 | W22: =(H22+N22)-U22 -> 1400 | X22: =E22*W22 -> 157500 | AA22: =Z22*E22 -> 0
B23: 갈색무지냅킨 | C23: 1box=8000ea | D23: ea | E23: 3.625 | F23: 8000 | G23: 29000 | H23: 40000 | N23: =I23+J23+K23+L23+M23 -> 0 | O23: =E23*N23 -> 0 | P23: =캠퍼스타운_외부원두영업!I23+잇다카페_외부원두영업!I23+푸른솔!I23+의과대학!I23+중앙도서관!I23+학생회관!I23+제2기숙사!I23+멀티미디어관!I23+선승관!I23+예술디자인대!I23+공학관!I23 -> 8000 | Q23: =캠퍼스타운_외부원두영업!J23+잇다카페_외부원두영업!J23+푸른솔!J23+의과대학!J23+중앙도서관!J23+학생회관!J23+멀티미디어관!J23+제2기숙사!J23+선승관!J23+예술디자인대!J23+공학관!J23 -> 0 | R23: =캠퍼스타운_외부원두영업!K23+잇다카페_외부원두영업!K23+푸른솔!K23+의과대학!K23+중앙도서관!K23+학생회관!K23+제2기숙사!K23+멀티미디어관!K23+선승관!K23+예술디자인대!K23+공학관!K23 -> 0 | S23: =캠퍼스타운_외부원두영업!L23+잇다카페_외부원두영업!L23+푸른솔!L23+의과대학!L23+중앙도서관!L23+학생회관!L23+멀티미디어관!L23+제2기숙사!L23+선승관!L23+예술디자인대!L23+공학관!L23 -> 16000 | T23: =캠퍼스타운_외부원두영업!M23+잇다카페_외부원두영업!M23+푸른솔!M23+의과대학!M23+중앙도서관!M23+학생회관!M23+멀티미디어관!M23+제2기숙사!M23+선승관!M23+예술디자인대!M23+공학관!M23 -> 0 | U23: =P23+Q23+R23+S23+T23 -> 24000 | V23: =E23*U23 -> 87000 | W23: =(H23+N23)-U23 -> 16000 | X23: =E23*W23 -> 58000 | AA23: =Z23*E23 -> 0
B24: 커피머신세정제 | C24: 1ea | D24: kg | E24: 12000 | F24: 1 | G24: 12000 | H24: 4 | N24: =I24+J24+K24+L24+M24 -> 0 | O24: =E24*N24 -> 0 | P24: =캠퍼스타운_외부원두영업!I24+잇다카페_외부원두영업!I24+푸른솔!I24+의과대학!I24+중앙도서관!I24+학생회관!I24+제2기숙사!I24+멀티미디어관!I24+선승관!I24+예술디자인대!I24+공학관!I24 -> 0 | Q24: =캠퍼스타운_외부원두영업!J24+잇다카페_외부원두영업!J24+푸른솔!J24+의과대학!J24+중앙도서관!J24+학생회관!J24+멀티미디어관!J24+제2기숙사!J24+선승관!J24+예술디자인대!J24+공학관!J24 -> 0 | R24: =캠퍼스타운_외부원두영업!K24+잇다카페_외부원두영업!K24+푸른솔!K24+의과대학!K24+중앙도서관!K24+학생회관!K24+제2기숙사!K24+멀티미디어관!K24+선승관!K24+예술디자인대!K24+공학관!K24 -> 0 | S24: =캠퍼스타운_외부원두영업!L24+잇다카페_외부원두영업!L24+푸른솔!L24+의과대학!L24+중앙도서관!L24+학생회관!L24+멀티미디어관!L24+제2기숙사!L24+선승관!L24+예술디자인대!L24+공학관!L24 -> 0 | T24: =캠퍼스타운_외부원두영업!M24+잇다카페_외부원두영업!M24+푸른솔!M24+의과대학!M24+중앙도서관!M24+학생회관!M24+멀티미디어관!M24+제2기숙사!M24+선승관!M24+예술디자인대!M24+공학관!M24 -> 0 | U24: =P24+Q24+R24+S24+T24 -> 0 | V24: =E24*U24 -> 0 | W24: =(H24+N24)-U24 -> 4 | X24: =E24*W24 -> 48000 | AA24: =Z24*E24 -> 0
B25: 15cm 개별포장커피스틱 | C25: 1box=10000ea | D25: ea | E25: 6.4 | F25: 10000 | G25: 64000 | H25: 3000 | J25: 10000 | N25: =I25+J25+K25+L25+M25 -> 10000 | O25: =E25*N25 -> 64000 | P25: =캠퍼스타운_외부원두영업!I25+잇다카페_외부원두영업!I25+푸른솔!I25+의과대학!I25+중앙도서관!I25+학생회관!I25+제2기숙사!I25+멀티미디어관!I25+선승관!I25+예술디자인대!I25+공학관!I25 -> 0 | Q25: =캠퍼스타운_외부원두영업!J25+잇다카페_외부원두영업!J25+푸른솔!J25+의과대학!J25+중앙도서관!J25+학생회관!J25+멀티미디어관!J25+제2기숙사!J25+선승관!J25+예술디자인대!J25+공학관!J25 -> 0 | R25: =캠퍼스타운_외부원두영업!K25+잇다카페_외부원두영업!K25+푸른솔!K25+의과대학!K25+중앙도서관!K25+학생회관!K25+제2기숙사!K25+멀티미디어관!K25+선승관!K25+예술디자인대!K25+공학관!K25 -> 0 | S25: =캠퍼스타운_외부원두영업!L25+잇다카페_외부원두영업!L25+푸른솔!L25+의과대학!L25+중앙도서관!L25+학생회관!L25+멀티미디어관!L25+제2기숙사!L25+선승관!L25+예술디자인대!L25+공학관!L25 -> 0 | T25: =캠퍼스타운_외부원두영업!M25+잇다카페_외부원두영업!M25+푸른솔!M25+의과대학!M25+중앙도서관!M25+학생회관!M25+멀티미디어관!M25+제2기숙사!M25+선승관!M25+예술디자인대!M25+공학관!M25 -> 0 | U25: =P25+Q25+R25+S25+T25 -> 0 | V25: =E25*U25 -> 0 | W25: =(H25+N25)-U25 -> 13000 | X25: =E25*W25 -> 83200 | AA25: =Z25*E25 -> 0
B26: 18cm 개별포장커피스틱 | C26: 1box=10000ea | D26: ea | E26: 6.8 | F26: 10000 | G26: 68000 | H26: 3000 | J26: 10000 | N26: =I26+J26+K26+L26+M26 -> 10000 | O26: =E26*N26 -> 68000 | P26: =캠퍼스타운_외부원두영업!I26+잇다카페_외부원두영업!I26+푸른솔!I26+의과대학!I26+중앙도서관!I26+학생회관!I26+제2기숙사!I26+멀티미디어관!I26+선승관!I26+예술디자인대!I26+공학관!I26 -> 1000 | Q26: =캠퍼스타운_외부원두영업!J26+잇다카페_외부원두영업!J26+푸른솔!J26+의과대학!J26+중앙도서관!J26+학생회관!J26+멀티미디어관!J26+제2기숙사!J26+선승관!J26+예술디자인대!J26+공학관!J26 -> 0 | R26: =캠퍼스타운_외부원두영업!K26+잇다카페_외부원두영업!K26+푸른솔!K26+의과대학!K26+중앙도서관!K26+학생회관!K26+제2기숙사!K26+멀티미디어관!K26+선승관!K26+예술디자인대!K26+공학관!K26 -> 0 | S26: =캠퍼스타운_외부원두영업!L26+잇다카페_외부원두영업!L26+푸른솔!L26+의과대학!L26+중앙도서관!L26+학생회관!L26+멀티미디어관!L26+제2기숙사!L26+선승관!L26+예술디자인대!L26+공학관!L26 -> 0 | T26: =캠퍼스타운_외부원두영업!M26+잇다카페_외부원두영업!M26+푸른솔!M26+의과대학!M26+중앙도서관!M26+학생회관!M26+멀티미디어관!M26+제2기숙사!M26+선승관!M26+예술디자인대!M26+공학관!M26 -> 0 | U26: =P26+Q26+R26+S26+T26 -> 1000 | V26: =E26*U26 -> 6800 | W26: =(H26+N26)-U26 -> 12000 | X26: =E26*W26 -> 81600 | AA26: =Z26*E26 -> 0
B27: opp 비닐봉투 18*25 | C27: 1pack=200ea | D27: ea | E27: 25 | F27: 200 | G27: 5000 | H27: 600 | N27: =I27+J27+K27+L27+M27 -> 0 | O27: =E27*N27 -> 0 | P27: =캠퍼스타운_외부원두영업!I27+잇다카페_외부원두영업!I27+푸른솔!I27+의과대학!I27+중앙도서관!I27+학생회관!I27+제2기숙사!I27+멀티미디어관!I27+선승관!I27+예술디자인대!I27+공학관!I27 -> 0 | Q27: =캠퍼스타운_외부원두영업!J27+잇다카페_외부원두영업!J27+푸른솔!J27+의과대학!J27+중앙도서관!J27+학생회관!J27+멀티미디어관!J27+제2기숙사!J27+선승관!J27+예술디자인대!J27+공학관!J27 -> 0 | R27: =캠퍼스타운_외부원두영업!K27+잇다카페_외부원두영업!K27+푸른솔!K27+의과대학!K27+중앙도서관!K27+학생회관!K27+제2기숙사!K27+멀티미디어관!K27+선승관!K27+예술디자인대!K27+공학관!K27 -> 0 | S27: =캠퍼스타운_외부원두영업!L27+잇다카페_외부원두영업!L27+푸른솔!L27+의과대학!L27+중앙도서관!L27+학생회관!L27+멀티미디어관!L27+제2기숙사!L27+선승관!L27+예술디자인대!L27+공학관!L27 -> 0 | T27: =캠퍼스타운_외부원두영업!M27+잇다카페_외부원두영업!M27+푸른솔!M27+의과대학!M27+중앙도서관!M27+학생회관!M27+멀티미디어관!M27+제2기숙사!M27+선승관!M27+예술디자인대!M27+공학관!M27 -> 0 | U27: =P27+Q27+R27+S27+T27 -> 0 | V27: =E27*U27 -> 0 | W27: =(H27+N27)-U27 -> 600 | X27: =E27*W27 -> 15000 | AA27: =Z27*E27 -> 0
B28: 콤부차오리지날 | C28: 1box=12ea | D28: ea | E28: 2100 | F28: 12 | G28: 25200 | H28: 27 | J28: 24 | N28: =I28+J28+K28+L28+M28 -> 24 | O28: =E28*N28 -> 50400 | P28: =캠퍼스타운_외부원두영업!I28+잇다카페_외부원두영업!I28+푸른솔!I28+의과대학!I28+중앙도서관!I28+학생회관!I28+제2기숙사!I28+멀티미디어관!I28+선승관!I28+예술디자인대!I28+공학관!I28 -> 0 | Q28: =캠퍼스타운_외부원두영업!J28+잇다카페_외부원두영업!J28+푸른솔!J28+의과대학!J28+중앙도서관!J28+학생회관!J28+멀티미디어관!J28+제2기숙사!J28+선승관!J28+예술디자인대!J28+공학관!J28 -> 6 | R28: =캠퍼스타운_외부원두영업!K28+잇다카페_외부원두영업!K28+푸른솔!K28+의과대학!K28+중앙도서관!K28+학생회관!K28+제2기숙사!K28+멀티미디어관!K28+선승관!K28+예술디자인대!K28+공학관!K28 -> 0 | S28: =캠퍼스타운_외부원두영업!L28+잇다카페_외부원두영업!L28+푸른솔!L28+의과대학!L28+중앙도서관!L28+학생회관!L28+멀티미디어관!L28+제2기숙사!L28+선승관!L28+예술디자인대!L28+공학관!L28 -> 0 | T28: =캠퍼스타운_외부원두영업!M28+잇다카페_외부원두영업!M28+푸른솔!M28+의과대학!M28+중앙도서관!M28+학생회관!M28+멀티미디어관!M28+제2기숙사!M28+선승관!M28+예술디자인대!M28+공학관!M28 -> 0 | U28: =P28+Q28+R28+S28+T28 -> 6 | V28: =E28*U28 -> 12600 | W28: =(H28+N28)-U28 -> 45 | X28: =E28*W28 -> 94500 | AA28: =Z28*E28 -> 0
B29: 콤부차진저레몬 | C29: 1box=12ea | D29: ea | E29: 2100 | F29: 12 | G29: 25200 | H29: 19 | J29: 12 | N29: =I29+J29+K29+L29+M29 -> 12 | O29: =E29*N29 -> 25200 | P29: =캠퍼스타운_외부원두영업!I29+잇다카페_외부원두영업!I29+푸른솔!I29+의과대학!I29+중앙도서관!I29+학생회관!I29+제2기숙사!I29+멀티미디어관!I29+선승관!I29+예술디자인대!I29+공학관!I29 -> 0 | Q29: =캠퍼스타운_외부원두영업!J29+잇다카페_외부원두영업!J29+푸른솔!J29+의과대학!J29+중앙도서관!J29+학생회관!J29+멀티미디어관!J29+제2기숙사!J29+선승관!J29+예술디자인대!J29+공학관!J29 -> 0 | R29: =캠퍼스타운_외부원두영업!K29+잇다카페_외부원두영업!K29+푸른솔!K29+의과대학!K29+중앙도서관!K29+학생회관!K29+제2기숙사!K29+멀티미디어관!K29+선승관!K29+예술디자인대!K29+공학관!K29 -> 6 | S29: =캠퍼스타운_외부원두영업!L29+잇다카페_외부원두영업!L29+푸른솔!L29+의과대학!L29+중앙도서관!L29+학생회관!L29+멀티미디어관!L29+제2기숙사!L29+선승관!L29+예술디자인대!L29+공학관!L29 -> 0 | T29: =캠퍼스타운_외부원두영업!M29+잇다카페_외부원두영업!M29+푸른솔!M29+의과대학!M29+중앙도서관!M29+학생회관!M29+멀티미디어관!M29+제2기숙사!M29+선승관!M29+예술디자인대!M29+공학관!M29 -> 0 | U29: =P29+Q29+R29+S29+T29 -> 6 | V29: =E29*U29 -> 12600 | W29: =(H29+N29)-U29 -> 25 | X29: =E29*W29 -> 52500 | AA29: =Z29*E29 -> 0
B30: 콤부차석류 | C30: 1box=12ea | D30: ea | E30: 2100 | F30: 12 | G30: 25200 | H30: 14 | J30: 12 | N30: =I30+J30+K30+L30+M30 -> 12 | O30: =E30*N30 -> 25200 | P30: =캠퍼스타운_외부원두영업!I30+잇다카페_외부원두영업!I30+푸른솔!I30+의과대학!I30+중앙도서관!I30+학생회관!I30+제2기숙사!I30+멀티미디어관!I30+선승관!I30+예술디자인대!I30+공학관!I30 -> 0 | Q30: =캠퍼스타운_외부원두영업!J30+잇다카페_외부원두영업!J30+푸른솔!J30+의과대학!J30+중앙도서관!J30+학생회관!J30+멀티미디어관!J30+제2기숙사!J30+선승관!J30+예술디자인대!J30+공학관!J30 -> 0 | R30: =캠퍼스타운_외부원두영업!K30+잇다카페_외부원두영업!K30+푸른솔!K30+의과대학!K30+중앙도서관!K30+학생회관!K30+제2기숙사!K30+멀티미디어관!K30+선승관!K30+예술디자인대!K30+공학관!K30 -> 6 | S30: =캠퍼스타운_외부원두영업!L30+잇다카페_외부원두영업!L30+푸른솔!L30+의과대학!L30+중앙도서관!L30+학생회관!L30+멀티미디어관!L30+제2기숙사!L30+선승관!L30+예술디자인대!L30+공학관!L30 -> 0 | T30: =캠퍼스타운_외부원두영업!M30+잇다카페_외부원두영업!M30+푸른솔!M30+의과대학!M30+중앙도서관!M30+학생회관!M30+멀티미디어관!M30+제2기숙사!M30+선승관!M30+예술디자인대!M30+공학관!M30 -> 0 | U30: =P30+Q30+R30+S30+T30 -> 6 | V30: =E30*U30 -> 12600 | W30: =(H30+N30)-U30 -> 20 | X30: =E30*W30 -> 42000 | AA30: =Z30*E30 -> 0
B31: 슈가시럽 | C31: 1box=6ea | D31: ea | E31: 2800 | F31: 6 | G31: 16800 | H31: 0 | N31: =I31+J31+K31+L31+M31 -> 0 | O31: =E31*N31 -> 0 | P31: =캠퍼스타운_외부원두영업!I31+잇다카페_외부원두영업!I31+푸른솔!I31+의과대학!I31+중앙도서관!I31+학생회관!I31+제2기숙사!I31+멀티미디어관!I31+선승관!I31+예술디자인대!I31+공학관!I31 -> 0 | Q31: =캠퍼스타운_외부원두영업!J31+잇다카페_외부원두영업!J31+푸른솔!J31+의과대학!J31+중앙도서관!J31+학생회관!J31+멀티미디어관!J31+제2기숙사!J31+선승관!J31+예술디자인대!J31+공학관!J31 -> 0 | R31: =캠퍼스타운_외부원두영업!K31+잇다카페_외부원두영업!K31+푸른솔!K31+의과대학!K31+중앙도서관!K31+학생회관!K31+제2기숙사!K31+멀티미디어관!K31+선승관!K31+예술디자인대!K31+공학관!K31 -> 0 | S31: =캠퍼스타운_외부원두영업!L31+잇다카페_외부원두영업!L31+푸른솔!L31+의과대학!L31+중앙도서관!L31+학생회관!L31+멀티미디어관!L31+제2기숙사!L31+선승관!L31+예술디자인대!L31+공학관!L31 -> 0 | T31: =캠퍼스타운_외부원두영업!M31+잇다카페_외부원두영업!M31+푸른솔!M31+의과대학!M31+중앙도서관!M31+학생회관!M31+멀티미디어관!M31+제2기숙사!M31+선승관!M31+예술디자인대!M31+공학관!M31 -> 0 | U31: =P31+Q31+R31+S31+T31 -> 0 | V31: =E31*U31 -> 0 | W31: =(H31+N31)-U31 -> 0 | X31: =E31*W31 -> 0 | AA31: =Z31*E31 -> 0
B32: 슈가시럽(24년인상) | C32: 1box=6ea | D32: ea | E32: 3200 | F32: 6 | G32: 19200 | H32: 34 | J32: 12 | N32: =I32+J32+K32+L32+M32 -> 12 | O32: =E32*N32 -> 38400 | P32: =캠퍼스타운_외부원두영업!I32+잇다카페_외부원두영업!I32+푸른솔!I32+의과대학!I32+중앙도서관!I32+학생회관!I32+제2기숙사!I32+멀티미디어관!I32+선승관!I32+예술디자인대!I32+공학관!I32 -> 4 | Q32: =캠퍼스타운_외부원두영업!J32+잇다카페_외부원두영업!J32+푸른솔!J32+의과대학!J32+중앙도서관!J32+학생회관!J32+멀티미디어관!J32+제2기숙사!J32+선승관!J32+예술디자인대!J32+공학관!J32 -> 5 | R32: =캠퍼스타운_외부원두영업!K32+잇다카페_외부원두영업!K32+푸른솔!K32+의과대학!K32+중앙도서관!K32+학생회관!K32+제2기숙사!K32+멀티미디어관!K32+선승관!K32+예술디자인대!K32+공학관!K32 -> 6 | S32: =캠퍼스타운_외부원두영업!L32+잇다카페_외부원두영업!L32+푸른솔!L32+의과대학!L32+중앙도서관!L32+학생회관!L32+멀티미디어관!L32+제2기숙사!L32+선승관!L32+예술디자인대!L32+공학관!L32 -> 3 | T32: =캠퍼스타운_외부원두영업!M32+잇다카페_외부원두영업!M32+푸른솔!M32+의과대학!M32+중앙도서관!M32+학생회관!M32+멀티미디어관!M32+제2기숙사!M32+선승관!M32+예술디자인대!M32+공학관!M32 -> 0 | U32: =P32+Q32+R32+S32+T32 -> 18 | V32: =E32*U32 -> 57600 | W32: =(H32+N32)-U32 -> 28 | X32: =E32*W32 -> 89600 | AA32: =Z32*E32 -> 0
B33: 삼다수 | C33: 1box=20ea | D33: ea | E33: 410 | F33: 20 | G33: 8200 | H33: 100 | J33: 40 | N33: =I33+J33+K33+L33+M33 -> 40 | O33: =E33*N33 -> 16400 | P33: =캠퍼스타운_외부원두영업!I33+잇다카페_외부원두영업!I33+푸른솔!I33+의과대학!I33+중앙도서관!I33+학생회관!I33+제2기숙사!I33+멀티미디어관!I33+선승관!I33+예술디자인대!I33+공학관!I33 -> 20 | Q33: =캠퍼스타운_외부원두영업!J33+잇다카페_외부원두영업!J33+푸른솔!J33+의과대학!J33+중앙도서관!J33+학생회관!J33+멀티미디어관!J33+제2기숙사!J33+선승관!J33+예술디자인대!J33+공학관!J33 -> 20 | R33: =캠퍼스타운_외부원두영업!K33+잇다카페_외부원두영업!K33+푸른솔!K33+의과대학!K33+중앙도서관!K33+학생회관!K33+제2기숙사!K33+멀티미디어관!K33+선승관!K33+예술디자인대!K33+공학관!K33 -> 0 | S33: =캠퍼스타운_외부원두영업!L33+잇다카페_외부원두영업!L33+푸른솔!L33+의과대학!L33+중앙도서관!L33+학생회관!L33+멀티미디어관!L33+제2기숙사!L33+선승관!L33+예술디자인대!L33+공학관!L33 -> 20 | T33: =캠퍼스타운_외부원두영업!M33+잇다카페_외부원두영업!M33+푸른솔!M33+의과대학!M33+중앙도서관!M33+학생회관!M33+멀티미디어관!M33+제2기숙사!M33+선승관!M33+예술디자인대!M33+공학관!M33 -> 0 | U33: =P33+Q33+R33+S33+T33 -> 60 | V33: =E33*U33 -> 24600 | W33: =(H33+N33)-U33 -> 80 | X33: =E33*W33 -> 32800 | AA33: =Z33*E33 -> 0
B34: 립톤 복숭아파우더(907g) | C34: 1box=12ea | D34: ea | E34: 7200 | F34: 12 | G34: 86400 | H34: 0 | N34: =I34+J34+K34+L34+M34 -> 0 | O34: =E34*N34 -> 0 | P34: =캠퍼스타운_외부원두영업!I34+잇다카페_외부원두영업!I34+푸른솔!I34+의과대학!I34+중앙도서관!I34+학생회관!I34+제2기숙사!I34+멀티미디어관!I34+선승관!I34+예술디자인대!I34+공학관!I34 -> 0 | Q34: =캠퍼스타운_외부원두영업!J34+잇다카페_외부원두영업!J34+푸른솔!J34+의과대학!J34+중앙도서관!J34+학생회관!J34+멀티미디어관!J34+제2기숙사!J34+선승관!J34+예술디자인대!J34+공학관!J34 -> 0 | R34: =캠퍼스타운_외부원두영업!K34+잇다카페_외부원두영업!K34+푸른솔!K34+의과대학!K34+중앙도서관!K34+학생회관!K34+제2기숙사!K34+멀티미디어관!K34+선승관!K34+예술디자인대!K34+공학관!K34 -> 0 | S34: =캠퍼스타운_외부원두영업!L34+잇다카페_외부원두영업!L34+푸른솔!L34+의과대학!L34+중앙도서관!L34+학생회관!L34+멀티미디어관!L34+제2기숙사!L34+선승관!L34+예술디자인대!L34+공학관!L34 -> 0 | T34: =캠퍼스타운_외부원두영업!M34+잇다카페_외부원두영업!M34+푸른솔!M34+의과대학!M34+중앙도서관!M34+학생회관!M34+멀티미디어관!M34+제2기숙사!M34+선승관!M34+예술디자인대!M34+공학관!M34 -> 0 | U34: =P34+Q34+R34+S34+T34 -> 0 | V34: =E34*U34 -> 0 | W34: =(H34+N34)-U34 -> 0 | X34: =E34*W34 -> 0 | AA34: =Z34*E34 -> 0
B35: 립톤 복숭아파우더(907g) 가격인상 | C35: 1box=12ea | D35: ea | E35: 7700 | F35: 12 | G35: =E35*F35 -> 92400 | H35: 172 | J35: 120 | N35: =I35+J35+K35+L35+M35 -> 120 | O35: =E35*N35 -> 924000 | P35: =캠퍼스타운_외부원두영업!I35+잇다카페_외부원두영업!I35+푸른솔!I35+의과대학!I35+중앙도서관!I35+학생회관!I35+제2기숙사!I35+멀티미디어관!I35+선승관!I35+예술디자인대!I35+공학관!I35 -> 23 | Q35: =캠퍼스타운_외부원두영업!J35+잇다카페_외부원두영업!J35+푸른솔!J35+의과대학!J35+중앙도서관!J35+학생회관!J35+멀티미디어관!J35+제2기숙사!J35+선승관!J35+예술디자인대!J35+공학관!J35 -> 8 | R35: =캠퍼스타운_외부원두영업!K35+잇다카페_외부원두영업!K35+푸른솔!K35+의과대학!K35+중앙도서관!K35+학생회관!K35+제2기숙사!K35+멀티미디어관!K35+선승관!K35+예술디자인대!K35+공학관!K35 -> 27 | S35: =캠퍼스타운_외부원두영업!L35+잇다카페_외부원두영업!L35+푸른솔!L35+의과대학!L35+중앙도서관!L35+학생회관!L35+멀티미디어관!L35+제2기숙사!L35+선승관!L35+예술디자인대!L35+공학관!L35 -> 26 | T35: =캠퍼스타운_외부원두영업!M35+잇다카페_외부원두영업!M35+푸른솔!M35+의과대학!M35+중앙도서관!M35+학생회관!M35+멀티미디어관!M35+제2기숙사!M35+선승관!M35+예술디자인대!M35+공학관!M35 -> 0 | U35: =P35+Q35+R35+S35+T35 -> 84 | V35: =E35*U35 -> 646800 | W35: =(H35+N35)-U35 -> 208 | X35: =E35*W35 -> 1601600 | AA35: =Z35*E35 -> 0
B36: 초정탄산수(1.5L) | C36: 1box=12ea | D36: ea | E36: 1350 | F36: 12 | G36: 16200 | H36: 104 | J36: 60 | N36: =I36+J36+K36+L36+M36 -> 60 | O36: =E36*N36 -> 81000 | P36: =캠퍼스타운_외부원두영업!I36+잇다카페_외부원두영업!I36+푸른솔!I36+의과대학!I36+중앙도서관!I36+학생회관!I36+제2기숙사!I36+멀티미디어관!I36+선승관!I36+예술디자인대!I36+공학관!I36 -> 11 | Q36: =캠퍼스타운_외부원두영업!J36+잇다카페_외부원두영업!J36+푸른솔!J36+의과대학!J36+중앙도서관!J36+학생회관!J36+멀티미디어관!J36+제2기숙사!J36+선승관!J36+예술디자인대!J36+공학관!J36 -> 12 | R36: =캠퍼스타운_외부원두영업!K36+잇다카페_외부원두영업!K36+푸른솔!K36+의과대학!K36+중앙도서관!K36+학생회관!K36+제2기숙사!K36+멀티미디어관!K36+선승관!K36+예술디자인대!K36+공학관!K36 -> 12 | S36: =캠퍼스타운_외부원두영업!L36+잇다카페_외부원두영업!L36+푸른솔!L36+의과대학!L36+중앙도서관!L36+학생회관!L36+멀티미디어관!L36+제2기숙사!L36+선승관!L36+예술디자인대!L36+공학관!L36 -> 10 | T36: =캠퍼스타운_외부원두영업!M36+잇다카페_외부원두영업!M36+푸른솔!M36+의과대학!M36+중앙도서관!M36+학생회관!M36+멀티미디어관!M36+제2기숙사!M36+선승관!M36+예술디자인대!M36+공학관!M36 -> 0 | U36: =P36+Q36+R36+S36+T36 -> 45 | V36: =E36*U36 -> 60750 | W36: =(H36+N36)-U36 -> 119 | X36: =E36*W36 -> 160650 | AA36: =Z36*E36 -> 0
B37: 메티에 바닐라시럽(700ml) | C37: 1box=8ea | D37: ea | E37: 6870 | F37: 8 | G37: 54960 | H37: 0 | N37: =I37+J37+K37+L37+M37 -> 0 | O37: =E37*N37 -> 0 | P37: =캠퍼스타운_외부원두영업!I37+잇다카페_외부원두영업!I37+푸른솔!I37+의과대학!I37+중앙도서관!I37+학생회관!I37+제2기숙사!I37+멀티미디어관!I37+선승관!I37+예술디자인대!I37+공학관!I37 -> 0 | Q37: =캠퍼스타운_외부원두영업!J37+잇다카페_외부원두영업!J37+푸른솔!J37+의과대학!J37+중앙도서관!J37+학생회관!J37+멀티미디어관!J37+제2기숙사!J37+선승관!J37+예술디자인대!J37+공학관!J37 -> 0 | R37: =캠퍼스타운_외부원두영업!K37+잇다카페_외부원두영업!K37+푸른솔!K37+의과대학!K37+중앙도서관!K37+학생회관!K37+제2기숙사!K37+멀티미디어관!K37+선승관!K37+예술디자인대!K37+공학관!K37 -> 0 | S37: =캠퍼스타운_외부원두영업!L37+잇다카페_외부원두영업!L37+푸른솔!L37+의과대학!L37+중앙도서관!L37+학생회관!L37+멀티미디어관!L37+제2기숙사!L37+선승관!L37+예술디자인대!L37+공학관!L37 -> 0 | T37: =캠퍼스타운_외부원두영업!M37+잇다카페_외부원두영업!M37+푸른솔!M37+의과대학!M37+중앙도서관!M37+학생회관!M37+멀티미디어관!M37+제2기숙사!M37+선승관!M37+예술디자인대!M37+공학관!M37 -> 0 | U37: =P37+Q37+R37+S37+T37 -> 0 | V37: =E37*U37 -> 0 | W37: =(H37+N37)-U37 -> 0 | X37: =E37*W37 -> 0 | AA37: =Z37*E37 -> 0
B38: 메티에 헤이즐럿시럽(700ml) | C38: 1box=8ea | D38: ea | E38: 6870 | F38: 8 | G38: 54960 | H38: 0 | N38: =I38+J38+K38+L38+M38 -> 0 | O38: =E38*N38 -> 0 | P38: =캠퍼스타운_외부원두영업!I38+잇다카페_외부원두영업!I38+푸른솔!I38+의과대학!I38+중앙도서관!I38+학생회관!I38+제2기숙사!I38+멀티미디어관!I38+선승관!I38+예술디자인대!I38+공학관!I38 -> 0 | Q38: =캠퍼스타운_외부원두영업!J38+잇다카페_외부원두영업!J38+푸른솔!J38+의과대학!J38+중앙도서관!J38+학생회관!J38+멀티미디어관!J38+제2기숙사!J38+선승관!J38+예술디자인대!J38+공학관!J38 -> 0 | R38: =캠퍼스타운_외부원두영업!K38+잇다카페_외부원두영업!K38+푸른솔!K38+의과대학!K38+중앙도서관!K38+학생회관!K38+제2기숙사!K38+멀티미디어관!K38+선승관!K38+예술디자인대!K38+공학관!K38 -> 0 | S38: =캠퍼스타운_외부원두영업!L38+잇다카페_외부원두영업!L38+푸른솔!L38+의과대학!L38+중앙도서관!L38+학생회관!L38+멀티미디어관!L38+제2기숙사!L38+선승관!L38+예술디자인대!L38+공학관!L38 -> 0 | T38: =캠퍼스타운_외부원두영업!M38+잇다카페_외부원두영업!M38+푸른솔!M38+의과대학!M38+중앙도서관!M38+학생회관!M38+멀티미디어관!M38+제2기숙사!M38+선승관!M38+예술디자인대!M38+공학관!M38 -> 0 | U38: =P38+Q38+R38+S38+T38 -> 0 | V38: =E38*U38 -> 0 | W38: =(H38+N38)-U38 -> 0 | X38: =E38*W38 -> 0 | AA38: =Z38*E38 -> 0
B39: 메티에 바닐라시럽(750ml) | C39: 1box=8ea | D39: ea | E39: 7360 | F39: 8 | G39: =E39*F39 -> 58880 | H39: 50 | J39: 40 | N39: =I39+J39+K39+L39+M39 -> 40 | O39: =E39*N39 -> 294400 | P39: =캠퍼스타운_외부원두영업!I39+잇다카페_외부원두영업!I39+푸른솔!I39+의과대학!I39+중앙도서관!I39+학생회관!I39+제2기숙사!I39+멀티미디어관!I39+선승관!I39+예술디자인대!I39+공학관!I39 -> 13 | Q39: =캠퍼스타운_외부원두영업!J39+잇다카페_외부원두영업!J39+푸른솔!J39+의과대학!J39+중앙도서관!J39+학생회관!J39+멀티미디어관!J39+제2기숙사!J39+선승관!J39+예술디자인대!J39+공학관!J39 -> 9 | R39: =캠퍼스타운_외부원두영업!K39+잇다카페_외부원두영업!K39+푸른솔!K39+의과대학!K39+중앙도서관!K39+학생회관!K39+제2기숙사!K39+멀티미디어관!K39+선승관!K39+예술디자인대!K39+공학관!K39 -> 10 | S39: =캠퍼스타운_외부원두영업!L39+잇다카페_외부원두영업!L39+푸른솔!L39+의과대학!L39+중앙도서관!L39+학생회관!L39+멀티미디어관!L39+제2기숙사!L39+선승관!L39+예술디자인대!L39+공학관!L39 -> 11 | T39: =캠퍼스타운_외부원두영업!M39+잇다카페_외부원두영업!M39+푸른솔!M39+의과대학!M39+중앙도서관!M39+학생회관!M39+멀티미디어관!M39+제2기숙사!M39+선승관!M39+예술디자인대!M39+공학관!M39 -> 0 | U39: =P39+Q39+R39+S39+T39 -> 43 | V39: =E39*U39 -> 316480 | W39: =(H39+N39)-U39 -> 47 | X39: =E39*W39 -> 345920 | AA39: =Z39*E39 -> 0
B40: 메티에 헤이즐럿시럽(750ml) | C40: 1box=8ea | D40: ea | E40: 7360 | F40: 8 | G40: =E40*F40 -> 58880 | H40: 18 | J40: 24 | N40: =I40+J40+K40+L40+M40 -> 24 | O40: =E40*N40 -> 176640 | P40: =캠퍼스타운_외부원두영업!I40+잇다카페_외부원두영업!I40+푸른솔!I40+의과대학!I40+중앙도서관!I40+학생회관!I40+제2기숙사!I40+멀티미디어관!I40+선승관!I40+예술디자인대!I40+공학관!I40 -> 4 | Q40: =캠퍼스타운_외부원두영업!J40+잇다카페_외부원두영업!J40+푸른솔!J40+의과대학!J40+중앙도서관!J40+학생회관!J40+멀티미디어관!J40+제2기숙사!J40+선승관!J40+예술디자인대!J40+공학관!J40 -> 4 | R40: =캠퍼스타운_외부원두영업!K40+잇다카페_외부원두영업!K40+푸른솔!K40+의과대학!K40+중앙도서관!K40+학생회관!K40+제2기숙사!K40+멀티미디어관!K40+선승관!K40+예술디자인대!K40+공학관!K40 -> 4 | S40: =캠퍼스타운_외부원두영업!L40+잇다카페_외부원두영업!L40+푸른솔!L40+의과대학!L40+중앙도서관!L40+학생회관!L40+멀티미디어관!L40+제2기숙사!L40+선승관!L40+예술디자인대!L40+공학관!L40 -> 5 | T40: =캠퍼스타운_외부원두영업!M40+잇다카페_외부원두영업!M40+푸른솔!M40+의과대학!M40+중앙도서관!M40+학생회관!M40+멀티미디어관!M40+제2기숙사!M40+선승관!M40+예술디자인대!M40+공학관!M40 -> 0 | U40: =P40+Q40+R40+S40+T40 -> 17 | V40: =E40*U40 -> 125120 | W40: =(H40+N40)-U40 -> 25 | X40: =E40*W40 -> 184000 | AA40: =Z40*E40 -> 0
A41: 성원애드피아 | B41: 적립쿠폰 | C41: 1bundle=500ea | D41: ea | E41: 6.4 | F41: 500 | G41: 3200 | H41: 2300 | N41: =I41+J41+K41+L41+M41 -> 0 | O41: =E41*N41 -> 0 | P41: =캠퍼스타운_외부원두영업!I41+잇다카페_외부원두영업!I41+푸른솔!I41+의과대학!I41+중앙도서관!I41+학생회관!I41+제2기숙사!I41+멀티미디어관!I41+선승관!I41+예술디자인대!I41+공학관!I41 -> 300 | Q41: =캠퍼스타운_외부원두영업!J41+잇다카페_외부원두영업!J41+푸른솔!J41+의과대학!J41+중앙도서관!J41+학생회관!J41+멀티미디어관!J41+제2기숙사!J41+선승관!J41+예술디자인대!J41+공학관!J41 -> 500 | R41: =캠퍼스타운_외부원두영업!K41+잇다카페_외부원두영업!K41+푸른솔!K41+의과대학!K41+중앙도서관!K41+학생회관!K41+제2기숙사!K41+멀티미디어관!K41+선승관!K41+예술디자인대!K41+공학관!K41 -> 300 | S41: =캠퍼스타운_외부원두영업!L41+잇다카페_외부원두영업!L41+푸른솔!L41+의과대학!L41+중앙도서관!L41+학생회관!L41+멀티미디어관!L41+제2기숙사!L41+선승관!L41+예술디자인대!L41+공학관!L41 -> 100 | T41: =캠퍼스타운_외부원두영업!M41+잇다카페_외부원두영업!M41+푸른솔!M41+의과대학!M41+중앙도서관!M41+학생회관!M41+멀티미디어관!M41+제2기숙사!M41+선승관!M41+예술디자인대!M41+공학관!M41 -> 0 | U41: =P41+Q41+R41+S41+T41 -> 1200 | V41: =E41*U41 -> 7680 | W41: =(H41+N41)-U41 -> 1100 | X41: =E41*W41 -> 7040 | AA41: =Z41*E41 -> 0 | AB41: =SUM(AA41:AA42) -> 0 | AC41: =AB41*1.1 -> 0
B42: 유통기한 스티커 | C42: 1bundle=1000ea | D42: ea | E42: 4.69 | F42: 1000 | G42: 4690 | H42: 2200 | N42: =I42+J42+K42+L42+M42 -> 0 | O42: =E42*N42 -> 0 | P42: =캠퍼스타운_외부원두영업!I42+잇다카페_외부원두영업!I42+푸른솔!I42+의과대학!I42+중앙도서관!I42+학생회관!I42+제2기숙사!I42+멀티미디어관!I42+선승관!I42+예술디자인대!I42+공학관!I42 -> 0 | Q42: =캠퍼스타운_외부원두영업!J42+잇다카페_외부원두영업!J42+푸른솔!J42+의과대학!J42+중앙도서관!J42+학생회관!J42+멀티미디어관!J42+제2기숙사!J42+선승관!J42+예술디자인대!J42+공학관!J42 -> 0 | R42: =캠퍼스타운_외부원두영업!K42+잇다카페_외부원두영업!K42+푸른솔!K42+의과대학!K42+중앙도서관!K42+학생회관!K42+제2기숙사!K42+멀티미디어관!K42+선승관!K42+예술디자인대!K42+공학관!K42 -> 0 | S42: =캠퍼스타운_외부원두영업!L42+잇다카페_외부원두영업!L42+푸른솔!L42+의과대학!L42+중앙도서관!L42+학생회관!L42+멀티미디어관!L42+제2기숙사!L42+선승관!L42+예술디자인대!L42+공학관!L42 -> 100 | T42: =캠퍼스타운_외부원두영업!M42+잇다카페_외부원두영업!M42+푸른솔!M42+의과대학!M42+중앙도서관!M42+학생회관!M42+멀티미디어관!M42+제2기숙사!M42+선승관!M42+예술디자인대!M42+공학관!M42 -> 0 | U42: =P42+Q42+R42+S42+T42 -> 100 | V42: =E42*U42 -> 469 | W42: =(H42+N42)-U42 -> 2100 | X42: =E42*W42 -> 9849 | AA42: =Z42*E42 -> 0
A43: 휴럼 | B43: 민트초코파우더 | C43: 1box = 12ea | D43: ea | E43: 7700 | F43: 12 | G43: 92400 | H43: 23 | N43: =I43+J43+K43+L43+M43 -> 0 | O43: =E43*N43 -> 0 | P43: =캠퍼스타운_외부원두영업!I43+잇다카페_외부원두영업!I43+푸른솔!I43+의과대학!I43+중앙도서관!I43+학생회관!I43+제2기숙사!I43+멀티미디어관!I43+선승관!I43+예술디자인대!I43+공학관!I43 -> 4 | Q43: =캠퍼스타운_외부원두영업!J43+잇다카페_외부원두영업!J43+푸른솔!J43+의과대학!J43+중앙도서관!J43+학생회관!J43+멀티미디어관!J43+제2기숙사!J43+선승관!J43+예술디자인대!J43+공학관!J43 -> 1 | R43: =캠퍼스타운_외부원두영업!K43+잇다카페_외부원두영업!K43+푸른솔!K43+의과대학!K43+중앙도서관!K43+학생회관!K43+제2기숙사!K43+멀티미디어관!K43+선승관!K43+예술디자인대!K43+공학관!K43 -> 1 | S43: =캠퍼스타운_외부원두영업!L43+잇다카페_외부원두영업!L43+푸른솔!L43+의과대학!L43+중앙도서관!L43+학생회관!L43+멀티미디어관!L43+제2기숙사!L43+선승관!L43+예술디자인대!L43+공학관!L43 -> 2 | T43: =캠퍼스타운_외부원두영업!M43+잇다카페_외부원두영업!M43+푸른솔!M43+의과대학!M43+중앙도서관!M43+학생회관!M43+멀티미디어관!M43+제2기숙사!M43+선승관!M43+예술디자인대!M43+공학관!M43 -> 0 | U43: =P43+Q43+R43+S43+T43 -> 8 | V43: =E43*U43 -> 61600 | W43: =(H43+N43)-U43 -> 15 | X43: =E43*W43 -> 115500 | AA43: =Z43*E43 -> 0 | AB43: =SUM(AA43:AA57) -> 0 | AC43: =AB43*1.1 -> 0
B44: 다크초코파우더 | C44: 1box = 12ea | D44: ea | E44: 6200 | F44: 12 | G44: 74400 | H44: 20 | J44: 36 | N44: =I44+J44+K44+L44+M44 -> 36 | O44: =E44*N44 -> 223200 | P44: =캠퍼스타운_외부원두영업!I44+잇다카페_외부원두영업!I44+푸른솔!I44+의과대학!I44+중앙도서관!I44+학생회관!I44+제2기숙사!I44+멀티미디어관!I44+선승관!I44+예술디자인대!I44+공학관!I44 -> 5 | Q44: =캠퍼스타운_외부원두영업!J44+잇다카페_외부원두영업!J44+푸른솔!J44+의과대학!J44+중앙도서관!J44+학생회관!J44+멀티미디어관!J44+제2기숙사!J44+선승관!J44+예술디자인대!J44+공학관!J44 -> 10 | R44: =캠퍼스타운_외부원두영업!K44+잇다카페_외부원두영업!K44+푸른솔!K44+의과대학!K44+중앙도서관!K44+학생회관!K44+제2기숙사!K44+멀티미디어관!K44+선승관!K44+예술디자인대!K44+공학관!K44 -> 6 | S44: =캠퍼스타운_외부원두영업!L44+잇다카페_외부원두영업!L44+푸른솔!L44+의과대학!L44+중앙도서관!L44+학생회관!L44+멀티미디어관!L44+제2기숙사!L44+선승관!L44+예술디자인대!L44+공학관!L44 -> 7 | T44: =캠퍼스타운_외부원두영업!M44+잇다카페_외부원두영업!M44+푸른솔!M44+의과대학!M44+중앙도서관!M44+학생회관!M44+멀티미디어관!M44+제2기숙사!M44+선승관!M44+예술디자인대!M44+공학관!M44 -> 0 | U44: =P44+Q44+R44+S44+T44 -> 28 | V44: =E44*U44 -> 173600 | W44: =(H44+N44)-U44 -> 28 | X44: =E44*W44 -> 173600 | AA44: =Z44*E44 -> 0
B45: 청귤베이스 | C45: 1box = 12ea | D45: ea | E45: 6700 | F45: 12 | G45: 80400 | H45: 23 | J45: 24 | N45: =I45+J45+K45+L45+M45 -> 24 | O45: =E45*N45 -> 160800 | P45: =캠퍼스타운_외부원두영업!I45+잇다카페_외부원두영업!I45+푸른솔!I45+의과대학!I45+중앙도서관!I45+학생회관!I45+제2기숙사!I45+멀티미디어관!I45+선승관!I45+예술디자인대!I45+공학관!I45 -> 5 | Q45: =캠퍼스타운_외부원두영업!J45+잇다카페_외부원두영업!J45+푸른솔!J45+의과대학!J45+중앙도서관!J45+학생회관!J45+멀티미디어관!J45+제2기숙사!J45+선승관!J45+예술디자인대!J45+공학관!J45 -> 5 | R45: =캠퍼스타운_외부원두영업!K45+잇다카페_외부원두영업!K45+푸른솔!K45+의과대학!K45+중앙도서관!K45+학생회관!K45+제2기숙사!K45+멀티미디어관!K45+선승관!K45+예술디자인대!K45+공학관!K45 -> 3 | S45: =캠퍼스타운_외부원두영업!L45+잇다카페_외부원두영업!L45+푸른솔!L45+의과대학!L45+중앙도서관!L45+학생회관!L45+멀티미디어관!L45+제2기숙사!L45+선승관!L45+예술디자인대!L45+공학관!L45 -> 6 | T45: =캠퍼스타운_외부원두영업!M45+잇다카페_외부원두영업!M45+푸른솔!M45+의과대학!M45+중앙도서관!M45+학생회관!M45+멀티미디어관!M45+제2기숙사!M45+선승관!M45+예술디자인대!M45+공학관!M45 -> 0 | U45: =P45+Q45+R45+S45+T45 -> 19 | V45: =E45*U45 -> 127300 | W45: =(H45+N45)-U45 -> 28 | X45: =E45*W45 -> 187600 | AA45: =Z45*E45 -> 0
B46: 요거에스플레인 | C46: 1box=12ea | D46: ea | E46: 7250 | F46: 12 | G46: 87000 | H46: 36 | J46: 36 | N46: =I46+J46+K46+L46+M46 -> 36 | O46: =E46*N46 -> 261000 | P46: =캠퍼스타운_외부원두영업!I46+잇다카페_외부원두영업!I46+푸른솔!I46+의과대학!I46+중앙도서관!I46+학생회관!I46+제2기숙사!I46+멀티미디어관!I46+선승관!I46+예술디자인대!I46+공학관!I46 -> 9 | Q46: =캠퍼스타운_외부원두영업!J46+잇다카페_외부원두영업!J46+푸른솔!J46+의과대학!J46+중앙도서관!J46+학생회관!J46+멀티미디어관!J46+제2기숙사!J46+선승관!J46+예술디자인대!J46+공학관!J46 -> 4 | R46: =캠퍼스타운_외부원두영업!K46+잇다카페_외부원두영업!K46+푸른솔!K46+의과대학!K46+중앙도서관!K46+학생회관!K46+제2기숙사!K46+멀티미디어관!K46+선승관!K46+예술디자인대!K46+공학관!K46 -> 6 | S46: =캠퍼스타운_외부원두영업!L46+잇다카페_외부원두영업!L46+푸른솔!L46+의과대학!L46+중앙도서관!L46+학생회관!L46+멀티미디어관!L46+제2기숙사!L46+선승관!L46+예술디자인대!L46+공학관!L46 -> 3 | T46: =캠퍼스타운_외부원두영업!M46+잇다카페_외부원두영업!M46+푸른솔!M46+의과대학!M46+중앙도서관!M46+학생회관!M46+멀티미디어관!M46+제2기숙사!M46+선승관!M46+예술디자인대!M46+공학관!M46 -> 0 | U46: =P46+Q46+R46+S46+T46 -> 22 | V46: =E46*U46 -> 159500 | W46: =(H46+N46)-U46 -> 50 | X46: =E46*W46 -> 362500 | AA46: =Z46*E46 -> 0
B47: 흑당베이스 | C47: 1kg x 12ea | D47: ea | E47: 5300 | F47: 12 | G47: 63600 | H47: 11 | J47: 12 | N47: =I47+J47+K47+L47+M47 -> 12 | O47: =E47*N47 -> 63600 | P47: =캠퍼스타운_외부원두영업!I47+잇다카페_외부원두영업!I47+푸른솔!I47+의과대학!I47+중앙도서관!I47+학생회관!I47+제2기숙사!I47+멀티미디어관!I47+선승관!I47+예술디자인대!I47+공학관!I47 -> 3 | Q47: =캠퍼스타운_외부원두영업!J47+잇다카페_외부원두영업!J47+푸른솔!J47+의과대학!J47+중앙도서관!J47+학생회관!J47+멀티미디어관!J47+제2기숙사!J47+선승관!J47+예술디자인대!J47+공학관!J47 -> 2 | R47: =캠퍼스타운_외부원두영업!K47+잇다카페_외부원두영업!K47+푸른솔!K47+의과대학!K47+중앙도서관!K47+학생회관!K47+제2기숙사!K47+멀티미디어관!K47+선승관!K47+예술디자인대!K47+공학관!K47 -> 2 | S47: =캠퍼스타운_외부원두영업!L47+잇다카페_외부원두영업!L47+푸른솔!L47+의과대학!L47+중앙도서관!L47+학생회관!L47+멀티미디어관!L47+제2기숙사!L47+선승관!L47+예술디자인대!L47+공학관!L47 -> 1 | T47: =캠퍼스타운_외부원두영업!M47+잇다카페_외부원두영업!M47+푸른솔!M47+의과대학!M47+중앙도서관!M47+학생회관!M47+멀티미디어관!M47+제2기숙사!M47+선승관!M47+예술디자인대!M47+공학관!M47 -> 0 | U47: =P47+Q47+R47+S47+T47 -> 8 | V47: =E47*U47 -> 42400 | W47: =(H47+N47)-U47 -> 15 | X47: =E47*W47 -> 79500 | AA47: =Z47*E47 -> 0
B48: 쿠키앤크림 파우더 | C48: 1kg x 12ea | D48: ea | E48: 6600 | F48: 12 | G48: 79200 | H48: 15 | J48: 12 | N48: =I48+J48+K48+L48+M48 -> 12 | O48: =E48*N48 -> 79200 | P48: =캠퍼스타운_외부원두영업!I48+잇다카페_외부원두영업!I48+푸른솔!I48+의과대학!I48+중앙도서관!I48+학생회관!I48+제2기숙사!I48+멀티미디어관!I48+선승관!I48+예술디자인대!I48+공학관!I48 -> 2 | Q48: =캠퍼스타운_외부원두영업!J48+잇다카페_외부원두영업!J48+푸른솔!J48+의과대학!J48+중앙도서관!J48+학생회관!J48+멀티미디어관!J48+제2기숙사!J48+선승관!J48+예술디자인대!J48+공학관!J48 -> 2 | R48: =캠퍼스타운_외부원두영업!K48+잇다카페_외부원두영업!K48+푸른솔!K48+의과대학!K48+중앙도서관!K48+학생회관!K48+제2기숙사!K48+멀티미디어관!K48+선승관!K48+예술디자인대!K48+공학관!K48 -> 3 | S48: =캠퍼스타운_외부원두영업!L48+잇다카페_외부원두영업!L48+푸른솔!L48+의과대학!L48+중앙도서관!L48+학생회관!L48+멀티미디어관!L48+제2기숙사!L48+선승관!L48+예술디자인대!L48+공학관!L48 -> 1 | T48: =캠퍼스타운_외부원두영업!M48+잇다카페_외부원두영업!M48+푸른솔!M48+의과대학!M48+중앙도서관!M48+학생회관!M48+멀티미디어관!M48+제2기숙사!M48+선승관!M48+예술디자인대!M48+공학관!M48 -> 0 | U48: =P48+Q48+R48+S48+T48 -> 8 | V48: =E48*U48 -> 52800 | W48: =(H48+N48)-U48 -> 19 | X48: =E48*W48 -> 125400 | AA48: =Z48*E48 -> 0
B49: 자몽 베이스 | C49: 1.8kg x 6ea | D49: ea | E49: 14500 | F49: 6 | G49: 87000 | H49: 17 | J49: 12 | N49: =I49+J49+K49+L49+M49 -> 12 | O49: =E49*N49 -> 174000 | P49: =캠퍼스타운_외부원두영업!I49+잇다카페_외부원두영업!I49+푸른솔!I49+의과대학!I49+중앙도서관!I49+학생회관!I49+제2기숙사!I49+멀티미디어관!I49+선승관!I49+예술디자인대!I49+공학관!I49 -> 3 | Q49: =캠퍼스타운_외부원두영업!J49+잇다카페_외부원두영업!J49+푸른솔!J49+의과대학!J49+중앙도서관!J49+학생회관!J49+멀티미디어관!J49+제2기숙사!J49+선승관!J49+예술디자인대!J49+공학관!J49 -> 2 | R49: =캠퍼스타운_외부원두영업!K49+잇다카페_외부원두영업!K49+푸른솔!K49+의과대학!K49+중앙도서관!K49+학생회관!K49+제2기숙사!K49+멀티미디어관!K49+선승관!K49+예술디자인대!K49+공학관!K49 -> 3 | S49: =캠퍼스타운_외부원두영업!L49+잇다카페_외부원두영업!L49+푸른솔!L49+의과대학!L49+중앙도서관!L49+학생회관!L49+멀티미디어관!L49+제2기숙사!L49+선승관!L49+예술디자인대!L49+공학관!L49 -> 2 | T49: =캠퍼스타운_외부원두영업!M49+잇다카페_외부원두영업!M49+푸른솔!M49+의과대학!M49+중앙도서관!M49+학생회관!M49+멀티미디어관!M49+제2기숙사!M49+선승관!M49+예술디자인대!M49+공학관!M49 -> 0 | U49: =P49+Q49+R49+S49+T49 -> 10 | V49: =E49*U49 -> 145000 | W49: =(H49+N49)-U49 -> 19 | X49: =E49*W49 -> 275500 | AA49: =Z49*E49 -> 0
B50: 수박 베이스 | C50: 1.8kg x 6ea | D50: ea | E50: 11000 | F50: 6 | G50: 66000 | H50: 10 | N50: =I50+J50+K50+L50+M50 -> 0 | O50: =E50*N50 -> 0 | P50: =캠퍼스타운_외부원두영업!I50+잇다카페_외부원두영업!I50+푸른솔!I50+의과대학!I50+중앙도서관!I50+학생회관!I50+제2기숙사!I50+멀티미디어관!I50+선승관!I50+예술디자인대!I50+공학관!I50 -> 0 | Q50: =캠퍼스타운_외부원두영업!J50+잇다카페_외부원두영업!J50+푸른솔!J50+의과대학!J50+중앙도서관!J50+학생회관!J50+멀티미디어관!J50+제2기숙사!J50+선승관!J50+예술디자인대!J50+공학관!J50 -> 0 | R50: =캠퍼스타운_외부원두영업!K50+잇다카페_외부원두영업!K50+푸른솔!K50+의과대학!K50+중앙도서관!K50+학생회관!K50+제2기숙사!K50+멀티미디어관!K50+선승관!K50+예술디자인대!K50+공학관!K50 -> 0 | S50: =캠퍼스타운_외부원두영업!L50+잇다카페_외부원두영업!L50+푸른솔!L50+의과대학!L50+중앙도서관!L50+학생회관!L50+멀티미디어관!L50+제2기숙사!L50+선승관!L50+예술디자인대!L50+공학관!L50 -> 0 | T50: =캠퍼스타운_외부원두영업!M50+잇다카페_외부원두영업!M50+푸른솔!M50+의과대학!M50+중앙도서관!M50+학생회관!M50+멀티미디어관!M50+제2기숙사!M50+선승관!M50+예술디자인대!M50+공학관!M50 -> 0 | U50: =P50+Q50+R50+S50+T50 -> 0 | V50: =E50*U50 -> 0 | W50: =(H50+N50)-U50 -> 10 | X50: =E50*W50 -> 110000 | AA50: =Z50*E50 -> 0
B51: 자두 스무디 | C51: 1.8kg x 6ea | D51: ea | E51: 7000 | F51: 6 | G51: =E51*F51 -> 42000 | H51: 17 | N51: =I51+J51+K51+L51+M51 -> 0 | O51: =E51*N51 -> 0 | P51: =캠퍼스타운_외부원두영업!I51+잇다카페_외부원두영업!I51+푸른솔!I51+의과대학!I51+중앙도서관!I51+학생회관!I51+제2기숙사!I51+멀티미디어관!I51+선승관!I51+예술디자인대!I51+공학관!I51 -> 4 | Q51: =캠퍼스타운_외부원두영업!J51+잇다카페_외부원두영업!J51+푸른솔!J51+의과대학!J51+중앙도서관!J51+학생회관!J51+멀티미디어관!J51+제2기숙사!J51+선승관!J51+예술디자인대!J51+공학관!J51 -> 1 | R51: =캠퍼스타운_외부원두영업!K51+잇다카페_외부원두영업!K51+푸른솔!K51+의과대학!K51+중앙도서관!K51+학생회관!K51+제2기숙사!K51+멀티미디어관!K51+선승관!K51+예술디자인대!K51+공학관!K51 -> 2 | S51: =캠퍼스타운_외부원두영업!L51+잇다카페_외부원두영업!L51+푸른솔!L51+의과대학!L51+중앙도서관!L51+학생회관!L51+멀티미디어관!L51+제2기숙사!L51+선승관!L51+예술디자인대!L51+공학관!L51 -> 2 | T51: =캠퍼스타운_외부원두영업!M51+잇다카페_외부원두영업!M51+푸른솔!M51+의과대학!M51+중앙도서관!M51+학생회관!M51+멀티미디어관!M51+제2기숙사!M51+선승관!M51+예술디자인대!M51+공학관!M51 -> 0 | U51: =P51+Q51+R51+S51+T51 -> 9 | V51: =E51*U51 -> 63000 | W51: =(H51+N51)-U51 -> 8 | X51: =E51*W51 -> 56000 | AA51: =Z51*E51 -> 0
B52: 크림소다 베이스 | C52: 1.8kg x 6ea | D52: ea | E52: 9000 | F52: 6 | G52: =E52*F52 -> 54000 | H52: 11 | N52: =I52+J52+K52+L52+M52 -> 0 | O52: =E52*N52 -> 0 | P52: =캠퍼스타운_외부원두영업!I52+잇다카페_외부원두영업!I52+푸른솔!I52+의과대학!I52+중앙도서관!I52+학생회관!I52+제2기숙사!I52+멀티미디어관!I52+선승관!I52+예술디자인대!I52+공학관!I52 -> 2 | Q52: =캠퍼스타운_외부원두영업!J52+잇다카페_외부원두영업!J52+푸른솔!J52+의과대학!J52+중앙도서관!J52+학생회관!J52+멀티미디어관!J52+제2기숙사!J52+선승관!J52+예술디자인대!J52+공학관!J52 -> 0 | R52: =캠퍼스타운_외부원두영업!K52+잇다카페_외부원두영업!K52+푸른솔!K52+의과대학!K52+중앙도서관!K52+학생회관!K52+제2기숙사!K52+멀티미디어관!K52+선승관!K52+예술디자인대!K52+공학관!K52 -> 2 | S52: =캠퍼스타운_외부원두영업!L52+잇다카페_외부원두영업!L52+푸른솔!L52+의과대학!L52+중앙도서관!L52+학생회관!L52+멀티미디어관!L52+제2기숙사!L52+선승관!L52+예술디자인대!L52+공학관!L52 -> 0 | T52: =캠퍼스타운_외부원두영업!M52+잇다카페_외부원두영업!M52+푸른솔!M52+의과대학!M52+중앙도서관!M52+학생회관!M52+멀티미디어관!M52+제2기숙사!M52+선승관!M52+예술디자인대!M52+공학관!M52 -> 0 | U52: =P52+Q52+R52+S52+T52 -> 4 | V52: =E52*U52 -> 36000 | W52: =(H52+N52)-U52 -> 7 | X52: =E52*W52 -> 63000 | AA52: =Z52*E52 -> 0
B53: 제주하늘 말차 파우더 (24년 추가) | C53: 500g * 12ea | D53: ea | E53: 5300 | F53: 12 | G53: =F53*E53 -> 63600 | H53: 34 | J53: 24 | N53: =I53+J53+K53+L53+M53 -> 24 | O53: =E53*N53 -> 127200 | P53: =캠퍼스타운_외부원두영업!I53+잇다카페_외부원두영업!I53+푸른솔!I53+의과대학!I53+중앙도서관!I53+학생회관!I53+제2기숙사!I53+멀티미디어관!I53+선승관!I53+예술디자인대!I53+공학관!I53 -> 9 | Q53: =캠퍼스타운_외부원두영업!J53+잇다카페_외부원두영업!J53+푸른솔!J53+의과대학!J53+중앙도서관!J53+학생회관!J53+멀티미디어관!J53+제2기숙사!J53+선승관!J53+예술디자인대!J53+공학관!J53 -> 8 | R53: =캠퍼스타운_외부원두영업!K53+잇다카페_외부원두영업!K53+푸른솔!K53+의과대학!K53+중앙도서관!K53+학생회관!K53+제2기숙사!K53+멀티미디어관!K53+선승관!K53+예술디자인대!K53+공학관!K53 -> 6 | S53: =캠퍼스타운_외부원두영업!L53+잇다카페_외부원두영업!L53+푸른솔!L53+의과대학!L53+중앙도서관!L53+학생회관!L53+멀티미디어관!L53+제2기숙사!L53+선승관!L53+예술디자인대!L53+공학관!L53 -> 7 | T53: =캠퍼스타운_외부원두영업!M53+잇다카페_외부원두영업!M53+푸른솔!M53+의과대학!M53+중앙도서관!M53+학생회관!M53+멀티미디어관!M53+제2기숙사!M53+선승관!M53+예술디자인대!M53+공학관!M53 -> 0 | U53: =P53+Q53+R53+S53+T53 -> 30 | V53: =E53*U53 -> 159000 | W53: =(H53+N53)-U53 -> 28 | X53: =E53*W53 -> 148400 | AA53: =Z53*E53 -> 0
B54: 공주밤 베이스 파우더 (24년 추가) | C54: 1kg x 12ea | D54: ea | E54: 7900 | F54: 12 | G54: =F54*E54 -> 94800 | M54: 24 | N54: =I54+J54+K54+L54+M54 -> 24 | O54: =E54*N54 -> 189600 | P54: =캠퍼스타운_외부원두영업!I54+잇다카페_외부원두영업!I54+푸른솔!I54+의과대학!I54+중앙도서관!I54+학생회관!I54+제2기숙사!I54+멀티미디어관!I54+선승관!I54+예술디자인대!I54+공학관!I54 -> 0 | Q54: =캠퍼스타운_외부원두영업!J54+잇다카페_외부원두영업!J54+푸른솔!J54+의과대학!J54+중앙도서관!J54+학생회관!J54+제2기숙사!J54+멀티미디어관!J54+선승관!J54+예술디자인대!J54+공학관!J54 -> 0 | R54: =캠퍼스타운_외부원두영업!K54+잇다카페_외부원두영업!K54+푸른솔!K54+의과대학!K54+중앙도서관!K54+학생회관!K54+제2기숙사!K54+멀티미디어관!K54+선승관!K54+예술디자인대!K54+공학관!K54 -> 0 | S54: =캠퍼스타운_외부원두영업!L54+잇다카페_외부원두영업!L54+푸른솔!L54+의과대학!L54+중앙도서관!L54+학생회관!L54+제2기숙사!L54+멀티미디어관!L54+선승관!L54+예술디자인대!L54+공학관!L54 -> 17 | T54: =캠퍼스타운_외부원두영업!M54+잇다카페_외부원두영업!M54+푸른솔!M54+의과대학!M54+중앙도서관!M54+학생회관!M54+제2기숙사!M54+멀티미디어관!M54+선승관!M54+예술디자인대!M54+공학관!M54 -> 0 | U54: =P54+Q54+R54+S54+T54 -> 17 | V54: =E54*U54 -> 134300 | W54: =(H54+N54)-U54 -> 7 | X54: =E54*W54 -> 55300 | AA54: =Z54*E54 -> 0
B55: 피스타치오 파우더 (24년 추가) | C55: 1kg x 12ea | D55: ea | E55: 8400 | F55: 12 | G55: =F55*E55 -> 100800 | M55: 24 | N55: =I55+J55+K55+L55+M55 -> 24 | O55: =E55*N55 -> 201600 | P55: =캠퍼스타운_외부원두영업!I55+잇다카페_외부원두영업!I55+푸른솔!I55+의과대학!I55+중앙도서관!I55+학생회관!I55+제2기숙사!I55+멀티미디어관!I55+선승관!I55+예술디자인대!I55+공학관!I55 -> 0 | Q55: =캠퍼스타운_외부원두영업!J55+잇다카페_외부원두영업!J55+푸른솔!J55+의과대학!J55+중앙도서관!J55+학생회관!J55+제2기숙사!J55+멀티미디어관!J55+선승관!J55+예술디자인대!J55+공학관!J55 -> 0 | R55: =캠퍼스타운_외부원두영업!K55+잇다카페_외부원두영업!K55+푸른솔!K55+의과대학!K55+중앙도서관!K55+학생회관!K55+제2기숙사!K55+멀티미디어관!K55+선승관!K55+예술디자인대!K55+공학관!K55 -> 0 | S55: =캠퍼스타운_외부원두영업!L55+잇다카페_외부원두영업!L55+푸른솔!L55+의과대학!L55+중앙도서관!L55+학생회관!L55+제2기숙사!L55+멀티미디어관!L55+선승관!L55+예술디자인대!L55+공학관!L55 -> 17 | T55: =캠퍼스타운_외부원두영업!M55+잇다카페_외부원두영업!M55+푸른솔!M55+의과대학!M55+중앙도서관!M55+학생회관!M55+제2기숙사!M55+멀티미디어관!M55+선승관!M55+예술디자인대!M55+공학관!M55 -> 0 | U55: =P55+Q55+R55+S55+T55 -> 17 | V55: =E55*U55 -> 142800 | W55: =(H55+N55)-U55 -> 7 | X55: =E55*W55 -> 58800 | AA55: =Z55*E55 -> 0
B56: 17곡 파우더 | C56: 1kg x 12ea | D56: ea | E56: 4500 | F56: 12 | G56: 54000 | H56: 22 | N56: =I56+J56+K56+L56+M56 -> 0 | O56: =E56*N56 -> 0 | P56: =캠퍼스타운_외부원두영업!I56+잇다카페_외부원두영업!I56+푸른솔!I56+의과대학!I56+중앙도서관!I56+학생회관!I56+제2기숙사!I56+멀티미디어관!I56+선승관!I56+예술디자인대!I56+공학관!I56 -> 2 | Q56: =캠퍼스타운_외부원두영업!J56+잇다카페_외부원두영업!J56+푸른솔!J56+의과대학!J56+중앙도서관!J56+학생회관!J56+멀티미디어관!J56+제2기숙사!J56+선승관!J56+예술디자인대!J56+공학관!J56 -> 6 | R56: =캠퍼스타운_외부원두영업!K56+잇다카페_외부원두영업!K56+푸른솔!K56+의과대학!K56+중앙도서관!K56+학생회관!K56+제2기숙사!K56+멀티미디어관!K56+선승관!K56+예술디자인대!K56+공학관!K56 -> 4 | S56: =캠퍼스타운_외부원두영업!L56+잇다카페_외부원두영업!L56+푸른솔!L56+의과대학!L56+중앙도서관!L56+학생회관!L56+멀티미디어관!L56+제2기숙사!L56+선승관!L56+예술디자인대!L56+공학관!L56 -> 4 | T56: =캠퍼스타운_외부원두영업!M56+잇다카페_외부원두영업!M56+푸른솔!M56+의과대학!M56+중앙도서관!M56+학생회관!M56+멀티미디어관!M56+제2기숙사!M56+선승관!M56+예술디자인대!M56+공학관!M56 -> 0 | U56: =P56+Q56+R56+S56+T56 -> 16 | V56: =E56*U56 -> 72000 | W56: =(H56+N56)-U56 -> 6 | X56: =E56*W56 -> 27000 | AA56: =Z56*E56 -> 0
B57: 토피넛파우더 | C57: 1box=12ea | D57: ea | E57: 6700 | F57: 12 | G57: 80400 | H57: 17 | J57: 24 | N57: =I57+J57+K57+L57+M57 -> 24 | O57: =E57*N57 -> 160800 | P57: =캠퍼스타운_외부원두영업!I57+잇다카페_외부원두영업!I57+푸른솔!I57+의과대학!I57+중앙도서관!I57+학생회관!I57+제2기숙사!I57+멀티미디어관!I57+선승관!I57+예술디자인대!I57+공학관!I57 -> 5 | Q57: =캠퍼스타운_외부원두영업!J57+잇다카페_외부원두영업!J57+푸른솔!J57+의과대학!J57+중앙도서관!J57+학생회관!J57+멀티미디어관!J57+제2기숙사!J57+선승관!J57+예술디자인대!J57+공학관!J57 -> 3 | R57: =캠퍼스타운_외부원두영업!K57+잇다카페_외부원두영업!K57+푸른솔!K57+의과대학!K57+중앙도서관!K57+학생회관!K57+제2기숙사!K57+멀티미디어관!K57+선승관!K57+예술디자인대!K57+공학관!K57 -> 3 | S57: =캠퍼스타운_외부원두영업!L57+잇다카페_외부원두영업!L57+푸른솔!L57+의과대학!L57+중앙도서관!L57+학생회관!L57+멀티미디어관!L57+제2기숙사!L57+선승관!L57+예술디자인대!L57+공학관!L57 -> 5 | T57: =캠퍼스타운_외부원두영업!M57+잇다카페_외부원두영업!M57+푸른솔!M57+의과대학!M57+중앙도서관!M57+학생회관!M57+멀티미디어관!M57+제2기숙사!M57+선승관!M57+예술디자인대!M57+공학관!M57 -> 0 | U57: =P57+Q57+R57+S57+T57 -> 16 | V57: =E57*U57 -> 107200 | W57: =(H57+N57)-U57 -> 25 | X57: =E57*W57 -> 167500 | AA57: =Z57*E57 -> 0
A58: 세미기업 | B58: 딸기스무디 원액 | C58: 1.8kg x 6ea | D58: ea | E58: 6900 | F58: 6 | G58: 41400 | H58: 22 | J58: 24 | N58: =I58+J58+K58+L58+M58 -> 24 | O58: =E58*N58 -> 165600 | P58: =캠퍼스타운_외부원두영업!I58+잇다카페_외부원두영업!I58+푸른솔!I58+의과대학!I58+중앙도서관!I58+학생회관!I58+제2기숙사!I58+멀티미디어관!I58+선승관!I58+예술디자인대!I58+공학관!I58 -> 3 | Q58: =캠퍼스타운_외부원두영업!J58+잇다카페_외부원두영업!J58+푸른솔!J58+의과대학!J58+중앙도서관!J58+학생회관!J58+멀티미디어관!J58+제2기숙사!J58+선승관!J58+예술디자인대!J58+공학관!J58 -> 2 | R58: =캠퍼스타운_외부원두영업!K58+잇다카페_외부원두영업!K58+푸른솔!K58+의과대학!K58+중앙도서관!K58+학생회관!K58+제2기숙사!K58+멀티미디어관!K58+선승관!K58+예술디자인대!K58+공학관!K58 -> 6 | S58: =캠퍼스타운_외부원두영업!L58+잇다카페_외부원두영업!L58+푸른솔!L58+의과대학!L58+중앙도서관!L58+학생회관!L58+멀티미디어관!L58+제2기숙사!L58+선승관!L58+예술디자인대!L58+공학관!L58 -> 2 | T58: =캠퍼스타운_외부원두영업!M58+잇다카페_외부원두영업!M58+푸른솔!M58+의과대학!M58+중앙도서관!M58+학생회관!M58+멀티미디어관!M58+제2기숙사!M58+선승관!M58+예술디자인대!M58+공학관!M58 -> 0 | U58: =P58+Q58+R58+S58+T58 -> 13 | V58: =E58*U58 -> 89700 | W58: =(H58+N58)-U58 -> 33 | X58: =E58*W58 -> 227700 | AA58: =Z58*E58 -> 0 | AB58: =SUM(AA58:AA68) -> 0 | AC58: =AB58*1.1 -> 0
B59: 망고스무디 원액 | C59: 1.8kg x 6ea | D59: ea | E59: 6900 | F59: 6 | G59: 41400 | H59: 12 | J59: 18 | N59: =I59+J59+K59+L59+M59 -> 18 | O59: =E59*N59 -> 124200 | P59: =캠퍼스타운_외부원두영업!I59+잇다카페_외부원두영업!I59+푸른솔!I59+의과대학!I59+중앙도서관!I59+학생회관!I59+제2기숙사!I59+멀티미디어관!I59+선승관!I59+예술디자인대!I59+공학관!I59 -> 3 | Q59: =캠퍼스타운_외부원두영업!J59+잇다카페_외부원두영업!J59+푸른솔!J59+의과대학!J59+중앙도서관!J59+학생회관!J59+멀티미디어관!J59+제2기숙사!J59+선승관!J59+예술디자인대!J59+공학관!J59 -> 3 | R59: =캠퍼스타운_외부원두영업!K59+잇다카페_외부원두영업!K59+푸른솔!K59+의과대학!K59+중앙도서관!K59+학생회관!K59+제2기숙사!K59+멀티미디어관!K59+선승관!K59+예술디자인대!K59+공학관!K59 -> 1 | S59: =캠퍼스타운_외부원두영업!L59+잇다카페_외부원두영업!L59+푸른솔!L59+의과대학!L59+중앙도서관!L59+학생회관!L59+멀티미디어관!L59+제2기숙사!L59+선승관!L59+예술디자인대!L59+공학관!L59 -> 2 | T59: =캠퍼스타운_외부원두영업!M59+잇다카페_외부원두영업!M59+푸른솔!M59+의과대학!M59+중앙도서관!M59+학생회관!M59+멀티미디어관!M59+제2기숙사!M59+선승관!M59+예술디자인대!M59+공학관!M59 -> 0 | U59: =P59+Q59+R59+S59+T59 -> 9 | V59: =E59*U59 -> 62100 | W59: =(H59+N59)-U59 -> 21 | X59: =E59*W59 -> 144900 | AA59: =Z59*E59 -> 0
B60: 베리믹스스무디 원액 | C60: 1.8kg x 6ea | D60: ea | E60: 6800 | F60: 6 | G60: 40800 | H60: 8 | J60: 18 | N60: =I60+J60+K60+L60+M60 -> 18 | O60: =E60*N60 -> 122400 | P60: =캠퍼스타운_외부원두영업!I60+잇다카페_외부원두영업!I60+푸른솔!I60+의과대학!I60+중앙도서관!I60+학생회관!I60+제2기숙사!I60+멀티미디어관!I60+선승관!I60+예술디자인대!I60+공학관!I60 -> 2 | Q60: =캠퍼스타운_외부원두영업!J60+잇다카페_외부원두영업!J60+푸른솔!J60+의과대학!J60+중앙도서관!J60+학생회관!J60+멀티미디어관!J60+제2기숙사!J60+선승관!J60+예술디자인대!J60+공학관!J60 -> 6 | R60: =캠퍼스타운_외부원두영업!K60+잇다카페_외부원두영업!K60+푸른솔!K60+의과대학!K60+중앙도서관!K60+학생회관!K60+제2기숙사!K60+멀티미디어관!K60+선승관!K60+예술디자인대!K60+공학관!K60 -> 2 | S60: =캠퍼스타운_외부원두영업!L60+잇다카페_외부원두영업!L60+푸른솔!L60+의과대학!L60+중앙도서관!L60+학생회관!L60+멀티미디어관!L60+제2기숙사!L60+선승관!L60+예술디자인대!L60+공학관!L60 -> 1 | T60: =캠퍼스타운_외부원두영업!M60+잇다카페_외부원두영업!M60+푸른솔!M60+의과대학!M60+중앙도서관!M60+학생회관!M60+멀티미디어관!M60+제2기숙사!M60+선승관!M60+예술디자인대!M60+공학관!M60 -> 0 | U60: =P60+Q60+R60+S60+T60 -> 11 | V60: =E60*U60 -> 74800 | W60: =(H60+N60)-U60 -> 15 | X60: =E60*W60 -> 102000 | AA60: =Z60*E60 -> 0
B61: 베버시티 레몬에이드 | C61: 1kg x 4ea | D61: ea | E61: 15000 | F61: 4 | G61: 60000 | H61: 22 | J61: 40 | N61: =I61+J61+K61+L61+M61 -> 40 | O61: =E61*N61 -> 600000 | P61: =캠퍼스타운_외부원두영업!I61+잇다카페_외부원두영업!I61+푸른솔!I61+의과대학!I61+중앙도서관!I61+학생회관!I61+제2기숙사!I61+멀티미디어관!I61+선승관!I61+예술디자인대!I61+공학관!I61 -> 11 | Q61: =캠퍼스타운_외부원두영업!J61+잇다카페_외부원두영업!J61+푸른솔!J61+의과대학!J61+중앙도서관!J61+학생회관!J61+멀티미디어관!J61+제2기숙사!J61+선승관!J61+예술디자인대!J61+공학관!J61 -> 6 | R61: =캠퍼스타운_외부원두영업!K61+잇다카페_외부원두영업!K61+푸른솔!K61+의과대학!K61+중앙도서관!K61+학생회관!K61+제2기숙사!K61+멀티미디어관!K61+선승관!K61+예술디자인대!K61+공학관!K61 -> 7 | S61: =캠퍼스타운_외부원두영업!L61+잇다카페_외부원두영업!L61+푸른솔!L61+의과대학!L61+중앙도서관!L61+학생회관!L61+멀티미디어관!L61+제2기숙사!L61+선승관!L61+예술디자인대!L61+공학관!L61 -> 7 | T61: =캠퍼스타운_외부원두영업!M61+잇다카페_외부원두영업!M61+푸른솔!M61+의과대학!M61+중앙도서관!M61+학생회관!M61+멀티미디어관!M61+제2기숙사!M61+선승관!M61+예술디자인대!M61+공학관!M61 -> 0 | U61: =P61+Q61+R61+S61+T61 -> 31 | V61: =E61*U61 -> 465000 | W61: =(H61+N61)-U61 -> 31 | X61: =E61*W61 -> 465000 | AA61: =Z61*E61 -> 0
B62: 녹차라떼 | C62: 500g x 6ea | D62: ea | E62: 5300 | F62: 6 | G62: 31800 | H62: 0 | N62: =I62+J62+K62+L62+M62 -> 0 | O62: =E62*N62 -> 0 | P62: =캠퍼스타운_외부원두영업!I62+잇다카페_외부원두영업!I62+푸른솔!I62+의과대학!I62+중앙도서관!I62+학생회관!I62+제2기숙사!I62+멀티미디어관!I62+선승관!I62+예술디자인대!I62+공학관!I62 -> 0 | Q62: =캠퍼스타운_외부원두영업!J62+잇다카페_외부원두영업!J62+푸른솔!J62+의과대학!J62+중앙도서관!J62+학생회관!J62+멀티미디어관!J62+제2기숙사!J62+선승관!J62+예술디자인대!J62+공학관!J62 -> 0 | R62: =캠퍼스타운_외부원두영업!K62+잇다카페_외부원두영업!K62+푸른솔!K62+의과대학!K62+중앙도서관!K62+학생회관!K62+제2기숙사!K62+멀티미디어관!K62+선승관!K62+예술디자인대!K62+공학관!K62 -> 0 | S62: =캠퍼스타운_외부원두영업!L62+잇다카페_외부원두영업!L62+푸른솔!L62+의과대학!L62+중앙도서관!L62+학생회관!L62+멀티미디어관!L62+제2기숙사!L62+선승관!L62+예술디자인대!L62+공학관!L62 -> 0 | T62: =캠퍼스타운_외부원두영업!M62+잇다카페_외부원두영업!M62+푸른솔!M62+의과대학!M62+중앙도서관!M62+학생회관!M62+멀티미디어관!M62+제2기숙사!M62+선승관!M62+예술디자인대!M62+공학관!M62 -> 0 | U62: =P62+Q62+R62+S62+T62 -> 0 | V62: =E62*U62 -> 0 | W62: =(H62+N62)-U62 -> 0 | X62: =E62*W62 -> 0 | AA62: =Z62*E62 -> 0
B63: 홍차라떼 | C63: 500g x 6ea | D63: ea | E63: 6600 | F63: 6 | G63: 39600 | H63: 5 | J63: 30 | N63: =I63+J63+K63+L63+M63 -> 30 | O63: =E63*N63 -> 198000 | P63: =캠퍼스타운_외부원두영업!I63+잇다카페_외부원두영업!I63+푸른솔!I63+의과대학!I63+중앙도서관!I63+학생회관!I63+제2기숙사!I63+멀티미디어관!I63+선승관!I63+예술디자인대!I63+공학관!I63 -> 5 | Q63: =캠퍼스타운_외부원두영업!J63+잇다카페_외부원두영업!J63+푸른솔!J63+의과대학!J63+중앙도서관!J63+학생회관!J63+멀티미디어관!J63+제2기숙사!J63+선승관!J63+예술디자인대!J63+공학관!J63 -> 9 | R63: =캠퍼스타운_외부원두영업!K63+잇다카페_외부원두영업!K63+푸른솔!K63+의과대학!K63+중앙도서관!K63+학생회관!K63+제2기숙사!K63+멀티미디어관!K63+선승관!K63+예술디자인대!K63+공학관!K63 -> 3 | S63: =캠퍼스타운_외부원두영업!L63+잇다카페_외부원두영업!L63+푸른솔!L63+의과대학!L63+중앙도서관!L63+학생회관!L63+멀티미디어관!L63+제2기숙사!L63+선승관!L63+예술디자인대!L63+공학관!L63 -> 2 | T63: =캠퍼스타운_외부원두영업!M63+잇다카페_외부원두영업!M63+푸른솔!M63+의과대학!M63+중앙도서관!M63+학생회관!M63+멀티미디어관!M63+제2기숙사!M63+선승관!M63+예술디자인대!M63+공학관!M63 -> 0 | U63: =P63+Q63+R63+S63+T63 -> 19 | V63: =E63*U63 -> 125400 | W63: =(H63+N63)-U63 -> 16 | X63: =E63*W63 -> 105600 | AA63: =Z63*E63 -> 0
B64: 고구마페이스트 | C64: 1kg x 10ea | D64: ea | E64: 5600 | F64: 10 | G64: 56000 | H64: 0 | N64: =I64+J64+K64+L64+M64 -> 0 | O64: =E64*N64 -> 0 | P64: =캠퍼스타운_외부원두영업!I64+잇다카페_외부원두영업!I64+푸른솔!I64+의과대학!I64+중앙도서관!I64+학생회관!I64+제2기숙사!I64+멀티미디어관!I64+선승관!I64+예술디자인대!I64+공학관!I64 -> 0 | Q64: =캠퍼스타운_외부원두영업!J64+잇다카페_외부원두영업!J64+푸른솔!J64+의과대학!J64+중앙도서관!J64+학생회관!J64+멀티미디어관!J64+제2기숙사!J64+선승관!J64+예술디자인대!J64+공학관!J64 -> 0 | R64: =캠퍼스타운_외부원두영업!K64+잇다카페_외부원두영업!K64+푸른솔!K64+의과대학!K64+중앙도서관!K64+학생회관!K64+제2기숙사!K64+멀티미디어관!K64+선승관!K64+예술디자인대!K64+공학관!K64 -> 0 | S64: =캠퍼스타운_외부원두영업!L64+잇다카페_외부원두영업!L64+푸른솔!L64+의과대학!L64+중앙도서관!L64+학생회관!L64+멀티미디어관!L64+제2기숙사!L64+선승관!L64+예술디자인대!L64+공학관!L64 -> 0 | T64: =캠퍼스타운_외부원두영업!M64+잇다카페_외부원두영업!M64+푸른솔!M64+의과대학!M64+중앙도서관!M64+학생회관!M64+멀티미디어관!M64+제2기숙사!M64+선승관!M64+예술디자인대!M64+공학관!M64 -> 0 | U64: =P64+Q64+R64+S64+T64 -> 0 | V64: =E64*U64 -> 0 | W64: =(H64+N64)-U64 -> 0 | X64: =E64*W64 -> 0 | AA64: =Z64*E64 -> 0
B65: 군고구마 베이스 (24년 추가) | C65: 1kg x 6ea | D65: ea | E65: 7000 | F65: 6 | G65: =F65*E65 -> 42000 | H65: 16 | J65: 24 | N65: =I65+J65+K65+L65+M65 -> 24 | P65: =캠퍼스타운_외부원두영업!I65+잇다카페_외부원두영업!I65+푸른솔!I65+의과대학!I65+중앙도서관!I65+학생회관!I65+제2기숙사!I65+멀티미디어관!I65+선승관!I65+예술디자인대!I65+공학관!I65 -> 4 | Q65: =캠퍼스타운_외부원두영업!J65+잇다카페_외부원두영업!J65+푸른솔!J65+의과대학!J65+중앙도서관!J65+학생회관!J65+멀티미디어관!J65+제2기숙사!J65+선승관!J65+예술디자인대!J65+공학관!J65 -> 2 | R65: =캠퍼스타운_외부원두영업!K65+잇다카페_외부원두영업!K65+푸른솔!K65+의과대학!K65+중앙도서관!K65+학생회관!K65+제2기숙사!K65+멀티미디어관!K65+선승관!K65+예술디자인대!K65+공학관!K65 -> 2 | S65: =캠퍼스타운_외부원두영업!L65+잇다카페_외부원두영업!L65+푸른솔!L65+의과대학!L65+중앙도서관!L65+학생회관!L65+멀티미디어관!L65+제2기숙사!L65+선승관!L65+예술디자인대!L65+공학관!L65 -> 5 | T65: =캠퍼스타운_외부원두영업!M65+잇다카페_외부원두영업!M65+푸른솔!M65+의과대학!M65+중앙도서관!M65+학생회관!M65+멀티미디어관!M65+제2기숙사!M65+선승관!M65+예술디자인대!M65+공학관!M65 -> 0 | U65: =P65+Q65+R65+S65+T65 -> 13 | V65: =E65*U65 -> 91000 | W65: =(H65+N65)-U65 -> 27 | X65: =E65*W65 -> 189000 | AA65: =Z65*E65 -> 0
B66: 토라니 초코소스 | C66: 1.89L x 4ea | D66: ea | E66: 14100 | F66: 4 | G66: 56400 | H66: 14 | J66: 12 | N66: =I66+J66+K66+L66+M66 -> 12 | O66: =E66*N66 -> 169200 | P66: =캠퍼스타운_외부원두영업!I66+잇다카페_외부원두영업!I66+푸른솔!I66+의과대학!I66+중앙도서관!I66+학생회관!I66+제2기숙사!I66+멀티미디어관!I66+선승관!I66+예술디자인대!I66+공학관!I66 -> 0 | Q66: =캠퍼스타운_외부원두영업!J66+잇다카페_외부원두영업!J66+푸른솔!J66+의과대학!J66+중앙도서관!J66+학생회관!J66+멀티미디어관!J66+제2기숙사!J66+선승관!J66+예술디자인대!J66+공학관!J66 -> 3 | R66: =캠퍼스타운_외부원두영업!K66+잇다카페_외부원두영업!K66+푸른솔!K66+의과대학!K66+중앙도서관!K66+학생회관!K66+제2기숙사!K66+멀티미디어관!K66+선승관!K66+예술디자인대!K66+공학관!K66 -> 0 | S66: =캠퍼스타운_외부원두영업!L66+잇다카페_외부원두영업!L66+푸른솔!L66+의과대학!L66+중앙도서관!L66+학생회관!L66+멀티미디어관!L66+제2기숙사!L66+선승관!L66+예술디자인대!L66+공학관!L66 -> 1 | T66: =캠퍼스타운_외부원두영업!M66+잇다카페_외부원두영업!M66+푸른솔!M66+의과대학!M66+중앙도서관!M66+학생회관!M66+멀티미디어관!M66+제2기숙사!M66+선승관!M66+예술디자인대!M66+공학관!M66 -> 0 | U66: =P66+Q66+R66+S66+T66 -> 4 | V66: =E66*U66 -> 56400 | W66: =(H66+N66)-U66 -> 22 | X66: =E66*W66 -> 310200 | AA66: =Z66*E66 -> 0
B67: 토라니 카라멜소스 | C67: 1.89L x 4ea | D67: ea | E67: 15100 | F67: 4 | G67: 60400 | H67: 12 | J67: 8 | N67: =I67+J67+K67+L67+M67 -> 8 | O67: =E67*N67 -> 120800 | P67: =캠퍼스타운_외부원두영업!I67+잇다카페_외부원두영업!I67+푸른솔!I67+의과대학!I67+중앙도서관!I67+학생회관!I67+제2기숙사!I67+멀티미디어관!I67+선승관!I67+예술디자인대!I67+공학관!I67 -> 1 | Q67: =캠퍼스타운_외부원두영업!J67+잇다카페_외부원두영업!J67+푸른솔!J67+의과대학!J67+중앙도서관!J67+학생회관!J67+멀티미디어관!J67+제2기숙사!J67+선승관!J67+예술디자인대!J67+공학관!J67 -> 2 | R67: =캠퍼스타운_외부원두영업!K67+잇다카페_외부원두영업!K67+푸른솔!K67+의과대학!K67+중앙도서관!K67+학생회관!K67+제2기숙사!K67+멀티미디어관!K67+선승관!K67+예술디자인대!K67+공학관!K67 -> 1 | S67: =캠퍼스타운_외부원두영업!L67+잇다카페_외부원두영업!L67+푸른솔!L67+의과대학!L67+중앙도서관!L67+학생회관!L67+멀티미디어관!L67+제2기숙사!L67+선승관!L67+예술디자인대!L67+공학관!L67 -> 0 | T67: =캠퍼스타운_외부원두영업!M67+잇다카페_외부원두영업!M67+푸른솔!M67+의과대학!M67+중앙도서관!M67+학생회관!M67+멀티미디어관!M67+제2기숙사!M67+선승관!M67+예술디자인대!M67+공학관!M67 -> 0 | U67: =P67+Q67+R67+S67+T67 -> 4 | V67: =E67*U67 -> 60400 | W67: =(H67+N67)-U67 -> 16 | X67: =E67*W67 -> 241600 | AA67: =Z67*E67 -> 0
B68: 베버시티 청포도에이드 | C68: 1kg x 4ea | D68: ea | E68: 15300 | F68: 4 | G68: 61200 | H68: 18 | J68: 20 | N68: =I68+J68+K68+L68+M68 -> 20 | O68: =E68*N68 -> 306000 | P68: =캠퍼스타운_외부원두영업!I68+잇다카페_외부원두영업!I68+푸른솔!I68+의과대학!I68+중앙도서관!I68+학생회관!I68+제2기숙사!I68+멀티미디어관!I68+선승관!I68+예술디자인대!I68+공학관!I68 -> 0 | Q68: =캠퍼스타운_외부원두영업!J68+잇다카페_외부원두영업!J68+푸른솔!J68+의과대학!J68+중앙도서관!J68+학생회관!J68+멀티미디어관!J68+제2기숙사!J68+선승관!J68+예술디자인대!J68+공학관!J68 -> 2 | R68: =캠퍼스타운_외부원두영업!K68+잇다카페_외부원두영업!K68+푸른솔!K68+의과대학!K68+중앙도서관!K68+학생회관!K68+제2기숙사!K68+멀티미디어관!K68+선승관!K68+예술디자인대!K68+공학관!K68 -> 0 | S68: =캠퍼스타운_외부원두영업!L68+잇다카페_외부원두영업!L68+푸른솔!L68+의과대학!L68+중앙도서관!L68+학생회관!L68+멀티미디어관!L68+제2기숙사!L68+선승관!L68+예술디자인대!L68+공학관!L68 -> 3 | T68: =캠퍼스타운_외부원두영업!M68+잇다카페_외부원두영업!M68+푸른솔!M68+의과대학!M68+중앙도서관!M68+학생회관!M68+멀티미디어관!M68+제2기숙사!M68+선승관!M68+예술디자인대!M68+공학관!M68 -> 0 | U68: =P68+Q68+R68+S68+T68 -> 5 | V68: =E68*U68 -> 76500 | W68: =(H68+N68)-U68 -> 33 | X68: =E68*W68 -> 504900 | AA68: =Z68*E68 -> 0
A69: 손맛커피 | B69: 신규 원두 | C69: 1box=10kg | D69: ea | E69: 11000 | F69: 10 | G69: 110000 | H69: 151 | J69: 400 | N69: =I69+J69+K69+L69+M69 -> 400 | O69: =E69*N69 -> 4400000 | P69: =캠퍼스타운_외부원두영업!I69+잇다카페_외부원두영업!I69+푸른솔!I69+의과대학!I69+중앙도서관!I69+학생회관!I69+제2기숙사!I69+멀티미디어관!I69+선승관!I69+예술디자인대!I69+공학관!I69 -> 64 | Q69: =캠퍼스타운_외부원두영업!J69+잇다카페_외부원두영업!J69+푸른솔!J69+의과대학!J69+중앙도서관!J69+학생회관!J69+멀티미디어관!J69+제2기숙사!J69+선승관!J69+예술디자인대!J69+공학관!J69 -> 71 | R69: =캠퍼스타운_외부원두영업!K69+잇다카페_외부원두영업!K69+푸른솔!K69+의과대학!K69+중앙도서관!K69+학생회관!K69+제2기숙사!K69+멀티미디어관!K69+선승관!K69+예술디자인대!K69+공학관!K69 -> 85 | S69: =캠퍼스타운_외부원두영업!L69+잇다카페_외부원두영업!L69+푸른솔!L69+의과대학!L69+중앙도서관!L69+학생회관!L69+멀티미디어관!L69+제2기숙사!L69+선승관!L69+예술디자인대!L69+공학관!L69 -> 76 | T69: =캠퍼스타운_외부원두영업!M69+잇다카페_외부원두영업!M69+푸른솔!M69+의과대학!M69+중앙도서관!M69+학생회관!M69+멀티미디어관!M69+제2기숙사!M69+선승관!M69+예술디자인대!M69+공학관!M69 -> 0 | U69: =P69+Q69+R69+S69+T69 -> 296 | V69: =E69*U69 -> 3256000 | W69: =(H69+N69)-U69 -> 255 | X69: =E69*W69 -> 2805000 | AA69: =Z69*E69 -> 0 | AB69: =AA69+AA70 -> 0 | AC69: =AB69*1.1 -> 0
B70: 디카페인 원두 | C70: 1box=10kg | D70: ea | E70: 19000 | F70: 10 | G70: 190000 | H70: 25 | N70: =I70+J70+K70+L70+M70 -> 0 | O70: =E70*N70 -> 0 | P70: =캠퍼스타운_외부원두영업!I70+잇다카페_외부원두영업!I70+푸른솔!I70+의과대학!I70+중앙도서관!I70+학생회관!I70+제2기숙사!I70+멀티미디어관!I70+선승관!I70+예술디자인대!I70+공학관!I70 -> 3 | Q70: =캠퍼스타운_외부원두영업!J70+잇다카페_외부원두영업!J70+푸른솔!J70+의과대학!J70+중앙도서관!J70+학생회관!J70+멀티미디어관!J70+제2기숙사!J70+선승관!J70+예술디자인대!J70+공학관!J70 -> 2 | R70: =캠퍼스타운_외부원두영업!K70+잇다카페_외부원두영업!K70+푸른솔!K70+의과대학!K70+중앙도서관!K70+학생회관!K70+제2기숙사!K70+멀티미디어관!K70+선승관!K70+예술디자인대!K70+공학관!K70 -> 2 | S70: =캠퍼스타운_외부원두영업!L70+잇다카페_외부원두영업!L70+푸른솔!L70+의과대학!L70+중앙도서관!L70+학생회관!L70+멀티미디어관!L70+제2기숙사!L70+선승관!L70+예술디자인대!L70+공학관!L70 -> 6 | T70: =캠퍼스타운_외부원두영업!M70+잇다카페_외부원두영업!M70+푸른솔!M70+의과대학!M70+중앙도서관!M70+학생회관!M70+멀티미디어관!M70+제2기숙사!M70+선승관!M70+예술디자인대!M70+공학관!M70 -> 0 | U70: =P70+Q70+R70+S70+T70 -> 13 | V70: =E70*U70 -> 247000 | W70: =(H70+N70)-U70 -> 12 | X70: =E70*W70 -> 228000 | AA70: =Z70*E70 -> 0
A71: 성유엔터프라이즈 | B71: 티칸 캐모마일 | C71: 1box=10pack | D71: pack | E71: 4000 | F71: 1 | G71: 4000 | H71: 31 | N71: =I71+J71+K71+L71+M71 -> 0 | O71: =E71*N71 -> 0 | P71: =캠퍼스타운_외부원두영업!I71+잇다카페_외부원두영업!I71+푸른솔!I71+의과대학!I71+중앙도서관!I71+학생회관!I71+제2기숙사!I71+멀티미디어관!I71+선승관!I71+예술디자인대!I71+공학관!I71 -> 4 | Q71: =캠퍼스타운_외부원두영업!J71+잇다카페_외부원두영업!J71+푸른솔!J71+의과대학!J71+중앙도서관!J71+학생회관!J71+멀티미디어관!J71+제2기숙사!J71+선승관!J71+예술디자인대!J71+공학관!J71 -> 4 | R71: =캠퍼스타운_외부원두영업!K71+잇다카페_외부원두영업!K71+푸른솔!K71+의과대학!K71+중앙도서관!K71+학생회관!K71+제2기숙사!K71+멀티미디어관!K71+선승관!K71+예술디자인대!K71+공학관!K71 -> 2 | S71: =캠퍼스타운_외부원두영업!L71+잇다카페_외부원두영업!L71+푸른솔!L71+의과대학!L71+중앙도서관!L71+학생회관!L71+멀티미디어관!L71+제2기숙사!L71+선승관!L71+예술디자인대!L71+공학관!L71 -> 4 | T71: =캠퍼스타운_외부원두영업!M71+잇다카페_외부원두영업!M71+푸른솔!M71+의과대학!M71+중앙도서관!M71+학생회관!M71+멀티미디어관!M71+제2기숙사!M71+선승관!M71+예술디자인대!M71+공학관!M71 -> 0 | U71: =P71+Q71+R71+S71+T71 -> 14 | V71: =E71*U71 -> 56000 | W71: =(H71+N71)-U71 -> 17 | X71: =E71*W71 -> 68000 | AA71: =Z71*E71 -> 0 | AB71: =SUM(AA71:AA74) -> 0 | AC71: =AB71*1.1 -> 0
B72: 티칸 페퍼민트 | C72: 1box=10pack | D72: pack | E72: 4000 | F72: 1 | G72: 4000 | H72: 22 | N72: =I72+J72+K72+L72+M72 -> 0 | O72: =E72*N72 -> 0 | P72: =캠퍼스타운_외부원두영업!I72+잇다카페_외부원두영업!I72+푸른솔!I72+의과대학!I72+중앙도서관!I72+학생회관!I72+제2기숙사!I72+멀티미디어관!I72+선승관!I72+예술디자인대!I72+공학관!I72 -> 3 | Q72: =캠퍼스타운_외부원두영업!J72+잇다카페_외부원두영업!J72+푸른솔!J72+의과대학!J72+중앙도서관!J72+학생회관!J72+멀티미디어관!J72+제2기숙사!J72+선승관!J72+예술디자인대!J72+공학관!J72 -> 1 | R72: =캠퍼스타운_외부원두영업!K72+잇다카페_외부원두영업!K72+푸른솔!K72+의과대학!K72+중앙도서관!K72+학생회관!K72+제2기숙사!K72+멀티미디어관!K72+선승관!K72+예술디자인대!K72+공학관!K72 -> 1 | S72: =캠퍼스타운_외부원두영업!L72+잇다카페_외부원두영업!L72+푸른솔!L72+의과대학!L72+중앙도서관!L72+학생회관!L72+멀티미디어관!L72+제2기숙사!L72+선승관!L72+예술디자인대!L72+공학관!L72 -> 2 | T72: =캠퍼스타운_외부원두영업!M72+잇다카페_외부원두영업!M72+푸른솔!M72+의과대학!M72+중앙도서관!M72+학생회관!M72+멀티미디어관!M72+제2기숙사!M72+선승관!M72+예술디자인대!M72+공학관!M72 -> 0 | U72: =P72+Q72+R72+S72+T72 -> 7 | V72: =E72*U72 -> 28000 | W72: =(H72+N72)-U72 -> 15 | X72: =E72*W72 -> 60000 | AA72: =Z72*E72 -> 0
B73: 티칸 루이보스오렌지 | C73: 1box=10pack | D73: pack | E73: 4000 | F73: 1 | G73: 4000 | H73: 23 | N73: =I73+J73+K73+L73+M73 -> 0 | O73: =E73*N73 -> 0 | P73: =캠퍼스타운_외부원두영업!I73+잇다카페_외부원두영업!I73+푸른솔!I73+의과대학!I73+중앙도서관!I73+학생회관!I73+제2기숙사!I73+멀티미디어관!I73+선승관!I73+예술디자인대!I73+공학관!I73 -> 2 | Q73: =캠퍼스타운_외부원두영업!J73+잇다카페_외부원두영업!J73+푸른솔!J73+의과대학!J73+중앙도서관!J73+학생회관!J73+멀티미디어관!J73+제2기숙사!J73+선승관!J73+예술디자인대!J73+공학관!J73 -> 1 | R73: =캠퍼스타운_외부원두영업!K73+잇다카페_외부원두영업!K73+푸른솔!K73+의과대학!K73+중앙도서관!K73+학생회관!K73+제2기숙사!K73+멀티미디어관!K73+선승관!K73+예술디자인대!K73+공학관!K73 -> 1 | S73: =캠퍼스타운_외부원두영업!L73+잇다카페_외부원두영업!L73+푸른솔!L73+의과대학!L73+중앙도서관!L73+학생회관!L73+멀티미디어관!L73+제2기숙사!L73+선승관!L73+예술디자인대!L73+공학관!L73 -> 3 | T73: =캠퍼스타운_외부원두영업!M73+잇다카페_외부원두영업!M73+푸른솔!M73+의과대학!M73+중앙도서관!M73+학생회관!M73+멀티미디어관!M73+제2기숙사!M73+선승관!M73+예술디자인대!M73+공학관!M73 -> 0 | U73: =P73+Q73+R73+S73+T73 -> 7 | V73: =E73*U73 -> 28000 | W73: =(H73+N73)-U73 -> 16 | X73: =E73*W73 -> 64000 | AA73: =Z73*E73 -> 0
B74: 티칸 잉글리쉬블랙퍼스트 | C74: 1box=10pack | D74: pack | E74: 4300 | F74: 1 | G74: 4300 | H74: 31 | N74: =I74+J74+K74+L74+M74 -> 0 | O74: =E74*N74 -> 0 | P74: =캠퍼스타운_외부원두영업!I74+잇다카페_외부원두영업!I74+푸른솔!I74+의과대학!I74+중앙도서관!I74+학생회관!I74+제2기숙사!I74+멀티미디어관!I74+선승관!I74+예술디자인대!I74+공학관!I74 -> 3 | Q74: =캠퍼스타운_외부원두영업!J74+잇다카페_외부원두영업!J74+푸른솔!J74+의과대학!J74+중앙도서관!J74+학생회관!J74+멀티미디어관!J74+제2기숙사!J74+선승관!J74+예술디자인대!J74+공학관!J74 -> 2 | R74: =캠퍼스타운_외부원두영업!K74+잇다카페_외부원두영업!K74+푸른솔!K74+의과대학!K74+중앙도서관!K74+학생회관!K74+제2기숙사!K74+멀티미디어관!K74+선승관!K74+예술디자인대!K74+공학관!K74 -> 1 | S74: =캠퍼스타운_외부원두영업!L74+잇다카페_외부원두영업!L74+푸른솔!L74+의과대학!L74+중앙도서관!L74+학생회관!L74+멀티미디어관!L74+제2기숙사!L74+선승관!L74+예술디자인대!L74+공학관!L74 -> 2 | T74: =캠퍼스타운_외부원두영업!M74+잇다카페_외부원두영업!M74+푸른솔!M74+의과대학!M74+중앙도서관!M74+학생회관!M74+멀티미디어관!M74+제2기숙사!M74+선승관!M74+예술디자인대!M74+공학관!M74 -> 0 | U74: =P74+Q74+R74+S74+T74 -> 8 | V74: =E74*U74 -> 34400 | W74: =(H74+N74)-U74 -> 23 | X74: =E74*W74 -> 98900 | AA74: =Z74*E74 -> 0
H75: =SUM(H5:H74) -> 156210 | I75: =SUM(I5:I74) -> 0 | J75: =SUM(J5:J74) -> 85318 | K75: =SUM(K5:K74) -> 0 | L75: =SUM(L5:L74) -> 0 | M75: =SUM(M5:M74) -> 48 | N75: =SUM(N5:N74) -> 85366 | O75: =SUM(O5:O74) -> 11063840 | ... X75: =SUM(X5:X74) -> 12847016 | Z75: =SUM(Z5:Z74) -> 0 | AA75: =SUM(AA5:AA74) -> 0

Sheet 캠퍼스타운_외부원두영업
A1: 카페 쿠피 11월 발주 관리 대장 (교육용,R&D,삼의원(잇다카페))
A4: 협력사 | B4: 품목명 | C4: 규격 | D4: 단위 | E4: 입고단가 | F4: 입고단위 | G4: 입고단위단가 | H4: 전월 재고 | I4: 1주차 발주 | J4: 2주차 발주 | K4: 3주차 발주 | L4: 4주차 발주 | M4: 5주차 발주 | N4: 월 발주량 | O4: 월 발주 금액
A5: 비스토리코리아 | B5: 종이컵(-12oz) | C5: 1box=1000ea | D5: ea | E5: 37 | F5: 1000 | G5: 37000 | N5: =I5+J5+K5+L5+M5 -> 0 | O5: =E5*N5 -> 0
B6: 종이컵-16oz | C6: 1box=1000ea | D6: ea | E6: 43 | F6: 1000 | G6: 43000 | N6: =I6+J6+K6+L6+M6 -> 0 | O6: =E6*N6 -> 0
B7: 종이컵뚜껑 (12,16oz) | C7: 1box=1000ea | D7: ea | E7: 20 | F7: 1000 | G7: 20000 | N7: =I7+J7+K7+L7+M7 -> 0 | O7: =E7*N7 -> 0
B8: 아이스(페트)컵(14oz) | C8: 1box=1000ea | D8: ea | E8: 42 | F8: 1000 | G8: 42000 | N8: =I8+J8+K8+L8+M8 -> 0 | O8: =E8*N8 -> 0
B9: 아이스컵(16oz) | C9: 1box=1000ea | D9: ea | E9: 53 | F9: 1000 | G9: 53000 | N9: =I9+J9+K9+L9+M9 -> 0 | O9: =E9*N9 -> 0
B10: 아이스컵(24oz) | C10: 1box=1000ea | D10: ea | E10: 65 | F10: 1000 | G10: 65000 | N10: =I10+J10+K10+L10+M10 -> 0 | O10: =E10*N10 -> 0
B11: 아이스컵 돔뚜껑(93Ø) | C11: 1box=1000ea | D11: ea | E11: 18.5 | F11: 1000 | G11: 18500 | N11: =I11+J11+K11+L11+M11 -> 0 | O11: =E11*N11 -> 0
B12: 아이스컵 돔뚜껑(98Ø) | C12: 1box=1000ea | D12: ea | E12: 20 | F12: 1000 | G12: 20000 | N12: =I12+J12+K12+L12+M12 -> 0 | O12: =E12*N12 -> 0
B13: 아이스컵 평뚜껑(98Ø) | C13: 1box=1000ea | D13: ea | E13: 19 | F13: 1000 | G13: 19000 | N13: =I13+J13+K13+L13+M13 -> 0 | O13: =E13*N13 -> 0
B14: 10/13홀더 (1도인쇄) | C14: 1box=1000ea | D14: ea | E14: 17.5 | F14: 1000 | G14: 17500 | N14: =I14+J14+K14+L14+M14 -> 0 | O14: =E14*N14 -> 0
B15: 12/16홀더(1도인쇄) | C15: 1box=1000ea | D15: ea | E15: 18 | F15: 1000 | G15: 18000 | N15: =I15+J15+K15+L15+M15 -> 0 | O15: =E15*N15 -> 0
B16: 21cm 일자 스트로우 (투명) | C16: 1box=10000ea | D16: ea | E16: 6.9 | F16: 10000 | G16: 69000 | N16: =I16+J16+K16+L16+M16 -> 0 | O16: =E16*N16 -> 0
B17: 21cm 버블티 스트로우 | C17: 1box=3200ea | D17: ea | E17: 22.1875 | F17: 3200 | G17: 71000 | N17: =I17+J17+K17+L17+M17 -> 0 | O17: =E17*N17 -> 0
... B34: 립톤 복숭아파우더(907g) | C34: 1box=12ea | D34: ea | E34: 7200 | F34: 12 | G34: 86400 | N34: =I34+J34+K34+L34+M34 -> 0 | O34: =E34*N34 -> 0
B35: 립톤 복숭아파우더(907g)(24년인상) | C35: 1box=12ea | D35: ea | E35: 7700 | F35: 12 | G35: =E35*F35 -> 92400
B36: 초정탄산수(1.5L) | C36: 1box=12ea | D36: ea | E36: 1350 | F36: 12 | G36: 16200 | N36: =I36+J36+K36+L36+M36 -> 0 | O36: =E36*N36 -> 0
B37: 메티에 바닐라시럽(700ml) | C37: 1box=8ea | D37: ea | E37: 6870 | F37: 8 | G37: 54960 | N37: =I37+J37+K37+L37+M37 -> 0 | O37: =E37*N37 -> 0
B38: 메티에 헤이즐럿시럽(700ml) | C38: 1box=8ea | D38: ea | E38: 6870 | F38: 8 | G38: 54960 | N38: =I38+J38+K38+L38+M38 -> 0 | O38: =E38*N38 -> 0
B39: 메티에 바닐라시럽(750ml) | C39: 1box=8ea | D39: ea | E39: 7360 | F39: 8 | G39: =E39*F39 -> 58880 | N39: =I39+J39+K39+L39+M39 -> 0 | O39: =E39*N39 -> 0
B40: 메티에 헤이즐럿시럽(750ml) | C40: 1box=8ea | D40: ea | E40: 7360 | F40: 8 | G40: =E40*F40 -> 58880 | N40: =I40+J40+K40+L40+M40 -> 0 | O40: =E40*N40 -> 0
A41: 성원애드피아 | B41: 적립쿠폰 | C41: 1bundle=500ea | D41: ea | E41: 6.4 | F41: 500 | G41: 3200 | N41: =I41+J41+K41+L41+M41 -> 0 | O41: =E41*N41 -> 0
B42: 유통기한 스티커 | C42: 1bundle=1000ea | D42: ea | E42: 4.69 | F42: 1000 | G42: 4690 | N42: =I42+J42+K42+L42+M42 -> 0 | O42: =E42*N42 -> 0
A43: 휴럼 | B43: 민트초코파우더 | C43: 1box = 12ea | D43: ea | E43: 7700 | F43: 12 | G43: 92400 | N43: =I43+J43+K43+L43+M43 -> 0 | O43: =E43*N43 -> 0
B44: 다크초코파우더 | C44: 1box = 12ea | D44: ea | E44: 6200 | F44: 12 | G44: 74400 | N44: =I44+J44+K44+L44+M44 -> 0 | O44: =E44*N44 -> 0
B45: 청귤베이스 | C45: 1box = 12ea | D45: ea | E45: 6700 | F45: 12 | G45: 80400 | N45: =I45+J45+K45+L45+M45 -> 0 | O45: =E45*N45 -> 0
B46: 요거에스플레인 | C46: 1box=12ea | D46: ea | E46: 7250 | F46: 12 | G46: 87000 | N46: =I46+J46+K46+L46+M46 -> 0 | O46: =E46*N46 -> 0
B47: 흑당베이스 | C47: 1kg x 12ea | D47: ea | E47: 5300 | F47: 12 | G47: 63600 | N47: =I47+J47+K47+L47+M47 -> 0 | O47: =E47*N47 -> 0
B48: 쿠키앤크림 파우더 | C48: 1kg x 12ea | D48: ea | E48: 6600 | F48: 12 | G48: 79200 | N48: =I48+J48+K48+L48+M48 -> 0 | O48: =E48*N48 -> 0
B49: 자몽 베이스 | C49: 1.8kg x 6ea | D49: ea | E49: 14500 | F49: 6 | G49: 87000 | N49: =I49+J49+K49+L49+M49 -> 0 | O49: =E49*N49 -> 0
B50: 수박 베이스 | C50: 1.8kg x 6ea | D50: ea | E50: 11000 | F50: 6 | G50: 66000 | N50: =I50+J50+K50+L50+M50 -> 0 | O50: =E50*N50 -> 0
B51: 자두 스무디 | C51: 1.8kg x 6ea | D51: ea | E51: 7000 | F51: 6 | G51: =E51*F51 -> 42000 | N51: =I51+J51+K51+L51+M51 -> 0 | O51: =E51*N51 -> 0
B52: 크림소다 베이스 | C52: 1.8kg x 6ea | D52: ea | E52: 9000 | F52: 6 | G52: =E52*F52 -> 54000 | N52: =I52+J52+K52+L52+M52 -> 0 | O52: =E52*N52 -> 0
B53: 제주하늘 말차 파우더 (24년 추가) | C53: 500g * 12ea | D53: ea | E53: 5300 | F53: 12 | G53: =F53*E53 -> 63600 | N53: =I53+J53+K53+L53+M53 -> 0 | O53: =E53*N53 -> 0
B54: 공주밤 베이스 파우더 (24년 추가) | C54: 1kg x 12ea | D54: ea | E54: 7900 | F54: 12 | G54: =F54*E54 -> 94800 | N54: =I54+J54+K54+L54+M54 -> 0 | O54: =E54*N54 -> 0
B55: 피스타치오 파우더 (24년 추가) | C55: 1kg x 12ea | D55: ea | E55: 8400 | F55: 12 | G55: =F55*E55 -> 100800 | N55: =I55+J55+K55+L55+M55 -> 0 | O55: =E55*N55 -> 0
B56: 17곡 파우더 | C56: 1kg x 12ea | D56: ea | E56: 4500 | F56: 12 | G56: 54000 | N56: =I56+J56+K56+L56+M56 -> 0 | O56: =E56*N56 -> 0
B57: 토피넛파우더 | C57: 1box=12ea | D57: ea | E57: 6700 | F57: 12 | G57: 80400 | N57: =I57+J57+K57+L57+M57 -> 0 | O57: =E57*N57 -> 0
A58: 세미기업 | B58: 딸기스무디 원액 | C58: 1.8kg x 6ea | D58: ea | E58: 6900 | F58: 6 | G58: 41400 | N58: =I58+J58+K58+L58+M58 -> 0 | O58: =E58*N58 -> 0
B59: 망고스무디 원액 | C59: 1.8kg x 6ea | D59: ea | E59: 6900 | F59: 6 | G59: 41400 | N59: =I59+J59+K59+L59+M59 -> 0 | O59: =E59*N59 -> 0
B60: 베리믹스스무디 원액 | C60: 1.8kg x 6ea | D60: ea | E60: 6800 | F60: 6 | G60: 40800 | N60: =I60+J60+K60+L60+M60 -> 0 | O60: =E60*N60 -> 0
B61: 베버시티 레몬에이드 | C61: 1kg x 4ea | D61: ea | E61: 15000 | F61: 4 | G61: 60000 | N61: =I61+J61+K61+L61+M61 -> 0 | O61: =E61*N61 -> 0
B62: 녹차라떼 | C62: 500g x 6ea | D62: ea | E62: 5300 | F62: 6 | G62: 31800 | N62: =I62+J62+K62+L62+M62 -> 0 | O62: =E62*N62 -> 0
B63: 홍차라떼 | C63: 500g x 6ea | D63: ea | E63: 6600 | F63: 6 | G63: 39600 | N63: =I63+J63+K63+L63+M63 -> 0 | O63: =E63*N63 -> 0
B64: 고구마페이스트 | C64: 1kg x 10ea | D64: ea | E64: 5600 | F64: 10 | G64: 56000 | N64: =I64+J64+K64+L64+M64 -> 0 | O64: =E64*N64 -> 0
B65: 군고구마 베이스 (24년 추가) | C65: 1kg x 6ea | D65: ea | E65: 7000 | F65: 6 | G65: =F65*E65 -> 42000 | N65: =I65+J65+K65+L65+M65 -> 0 | O65: =E65*N65 -> 0
B66: 토라니 초코소스 | C66: 1.89L x 4ea | D66: ea | E66: 14100 | F66: 4 | G66: 56400 | N66: =I66+J66+K66+L66+M66 -> 0 | O66: =E66*N66 -> 0
B67: 토라니 카라멜소스 | C67: 1.89L x 4ea | D67: ea | E67: 15100 | F67: 4 | G67: 60400 | N67: =I67+J67+K67+L67+M67 -> 0 | O67: =E67*N67 -> 0
B68: 베버시티 청포도에이드 | C68: 1kg x 4ea | D68: ea | E68: 15300 | F68: 4 | G68: 61200 | N68: =I68+J68+K68+L68+M68 -> 0 | O68: =E68*N68 -> 0
A69: 손맛커피 | B69: 신규 원두 | C69: 1box=10kg | D69: ea | E69: 11000 | F69: 10 | G69: 110000 | K69: 25 | N69: =I69+J69+K69+L69+M69 -> 25 | O69: =E69*N69 -> 275000
B70: 디카페인 원두 | C70: 1box=10kg | D70: ea | E70: 19000 | F70: 10 | G70: 190000 | N70: =I70+J70+K70+L70+M70 -> 0 | O70: =E70*N70 -> 0
A71: 성유엔터프라이즈 | B71: 티칸 캐모마일 | C71: 1box=10pack | D71: pack | E71: 4000 | F71: 1 | G71: 4000 | N71: =I71+J71+K71+L71+M71 -> 0 | O71: =E71*N71 -> 0
B72: 티칸 페퍼민트 | C72: 1box=10pack | D72: pack | E72: 4000 | F72: 1 | G72: 4000 | N72: =I72+J72+K72+L72+M72 -> 0 | O72: =E72*N72 -> 0
B73: 티칸 루이보스오렌지 | C73: 1box=10pack | D73: pack | E73: 4000 | F73: 1 | G73: 4000 | N73: =I73+J73+K73+L73+M73 -> 0 | O73: =E73*N73 -> 0
B74: 티칸 잉글리쉬블랙퍼스트 | C74: 1box=10pack | D74: pack | E74: 4300 | F74: 1 | G74: 4300 | N74: =I74+J74+K74+L74+M74 -> 0 | O74: =E74*N74 -> 0
E75: =SUM(E5:E74) -> 334992.21 | F75: =SUM(F5:F74) -> 76679 | G75: =SUM(G5:G74) -> 3552570 | H75: =SUM(H5:H74) -> 0 | I75: =SUM(I5:I74) -> 0 | J75: =SUM(J5:J74) -> 0 | K75: =SUM(K5:K74) -> 25 | L75: =SUM(L5:L74) -> 0 | ... N75: =SUM(N5:N74) -> 25 | O75: =SUM(O36:O74) -> 275000

Sheet 잇다카페_외부원두영업
A1: 카페 쿠피 11월 발주 관리 대장 (교육용,R&D,삼의원(잇다카페))
A4: 협력사 | B4: 품목명 | C4: 규격 | D4: 단위 | E4: 입고단가 | F4: 입고단위 | G4: 입고단위단가 | H4: 전월 재고 | I4: 1주차 발주 | J4: 2주차 발주 | K4: 3주차 발주 | L4: 4주차 발주 | M4: 5주차 발주 | N4: 월 발주량 | O4: 월 발주 금액
A5: 비스토리코리아 | B5: 종이컵(-12oz) | C5: 1box=1000ea | D5: ea | E5: 37 | F5: 1000 | G5: 37000 | N5: =I5+J5+K5+L5+M5 -> 0 | O5: =E5*N5 -> 0
B6: 종이컵-16oz | C6: 1box=1000ea | D6: ea | E6: 43 | F6: 1000 | G6: 43000 | N6: =I6+J6+K6+L6+M6 -> 0 | O6: =E6*N6 -> 0
B7: 종이컵뚜껑 (12,16oz) | C7: 1box=1000ea | D7: ea | E7: 20 | F7: 1000 | G7: 20000 | N7: =I7+J7+K7+L7+M7 -> 0 | O7: =E7*N7 -> 0
B8: 아이스(페트)컵(14oz) | C8: 1box=1000ea | D8: ea | E8: 42 | F8: 1000 | G8: 42000 | N8: =I8+J8+K8+L8+M8 -> 0 | O8: =E8*N8 -> 0
B9: 아이스컵(16oz) | C9: 1box=1000ea | D9: ea | E9: 53 | F9: 1000 | G9: 53000 | N9: =I9+J9+K9+L9+M9 -> 0 | O9: =E9*N9 -> 0
B10: 아이스컵(24oz) | C10: 1box=1000ea | D10: ea | E10: 65 | F10: 1000 | G10: 65000 | N10: =I10+J10+K10+L10+M10 -> 0 | O10: =E10*N10 -> 0
B11: 아이스컵 돔뚜껑(93Ø) | C11: 1box=1000ea | D11: ea | E11: 18.5 | F11: 1000 | G11: 18500 | N11: =I11+J11+K11+L11+M11 -> 0 | O11: =E11*N11 -> 0
B12: 아이스컵 돔뚜껑(98Ø) | C12: 1box=1000ea | D12: ea | E12: 20 | F12: 1000 | G12: 20000 | N12: =I12+J12+K12+L12+M12 -> 0 | O12: =E12*N12 -> 0
B13: 아이스컵 평뚜껑(98Ø) | C13: 1box=1000ea | D13: ea | E13: 19 | F13: 1000 | G13: 19000 | N13: =I13+J13+K13+L13+M13 -> 0 | O13: =E13*N13 -> 0
B14: 10/13홀더 (1도인쇄) | C14: 1box=1000ea | D14: ea | E14: 17.5 | F14: 1000 | G14: 17500 | N14: =I14+J14+K14+L14+M14 -> 0 | O14: =E14*N14 -> 0
B15: 12/16홀더(1도인쇄) | C15: 1box=1000ea | D15: ea | E15: 18 | F15: 1000 | G15: 18000 | N15: =I15+J15+K15+L15+M15 -> 0 | O15: =E15*N15 -> 0
B16: 21cm 일자 스트로우 (투명) | C16: 1box=10000ea | D16: ea | E16: 6.9 | F16: 10000 | G16: 69000 | N16: =I16+J16+K16+L16+M16 -> 0 | O16: =E16*N16 -> 0
B17: 21cm 버블티 스트로우 | C17: 1box=3200ea | D17: ea | E17: 22.1875 | F17: 3200 | G17: 71000 | N17: =I17+J17+K17+L17+M17 -> 0 | O17: =E17*N17 -> 0
... B34: 립톤 복숭아파우더(907g) | C34: 1box=12ea | D34: ea | E34: 7200 | F34: 12 | G34: 86400 | N34: =I34+J34+K34+L34+M34 -> 0 | O34: =E34*N34 -> 0
B35: 립톤 복숭아파우더(907g)(24년인상) | C35: 1box=12ea | D35: ea | E35: 7700 | F35: 12 | G35: =E35*F35 -> 92400
B36: 초정탄산수(1.5L) | C36: 1box=12ea | D36: ea | E36: 1350 | F36: 12 | G36: 16200 | N36: =I36+J36+K36+L36+M36 -> 0 | O36: =E36*N36 -> 0
B37: 메티에 바닐라시럽(700ml) | C37: 1box=8ea | D37: ea | E37: 6870 | F37: 8 | G37: 54960 | N37: =I37+J37+K37+L37+M37 -> 0 | O37: =E37*N37 -> 0
B38: 메티에 헤이즐럿시럽(700ml) | C38: 1box=8ea | D38: ea | E38: 6870 | F38: 8 | G38: 54960 | N38: =I38+J38+K38+L38+M38 -> 0 | O38: =E38*N38 -> 0
B39: 메티에 바닐라시럽(750ml) | C39: 1box=8ea | D39: ea | E39: 7360 | F39: 8 | G39: =E39*F39 -> 58880 | N39: =I39+J39+K39+L39+M39 -> 0 | O39: =E39*N39 -> 0
B40: 메티에 헤이즐럿시럽(750ml) | C40: 1box=8ea | D40: ea | E40: 7360 | F40: 8 | G40: =E40*F40 -> 58880 | N40: =I40+J40+K40+L40+M40 -> 0 | O40: =E40*N40 -> 0
A41: 성원애드피아 | B41: 적립쿠폰 | C41: 1bundle=500ea | D41: ea | E41: 6.4 | F41: 500 | G41: 3200 | N41: =I41+J41+K41+L41+M41 -> 0 | O41: =E41*N41 -> 0
B42: 유통기한 스티커 | C42: 1bundle=1000ea | D42: ea | E42: 4.69 | F42: 1000 | G42: 4690 | N42: =I42+J42+K42+L42+M42 -> 0 | O42: =E42*N42 -> 0
A43: 휴럼 | B43: 민트초코파우더 | C43: 1box = 12ea | D43: ea | E43: 7700 | F43: 12 | G43: 92400 | N43: =I43+J43+K43+L43+M43 -> 0 | O43: =E43*N43 -> 0
B44: 다크초코파우더 | C44: 1box = 12ea | D44: ea | E44: 6200 | F44: 12 | G44: 74400 | N44: =I44+J44+K44+L44+M44 -> 0 | O44: =E44*N44 -> 0
B45: 청귤베이스 | C45: 1box = 12ea | D45: ea | E45: 6700 | F45: 12 | G45: 80400 | N45: =I45+J45+K45+L45+M45 -> 0 | O45: =E45*N45 -> 0
B46: 요거에스플레인 | C46: 1box=12ea | D46: ea | E46: 7250 | F46: 12 | G46: 87000 | N46: =I46+J46+K46+L46+M46 -> 0 | O46: =E46*N46 -> 0
B47: 흑당베이스 | C47: 1kg x 12ea | D47: ea | E47: 5300 | F47: 12 | G47: 63600 | N47: =I47+J47+K47+L47+M47 -> 0 | O47: =E47*N47 -> 0
B48: 쿠키앤크림 파우더 | C48: 1kg x 12ea | D48: ea | E48: 6600 | F48: 12 | G48: 79200 | N48: =I48+J48+K48+L48+M48 -> 0 | O48: =E48*N48 -> 0
B49: 자몽 베이스 | C49: 1.8kg x 6ea | D49: ea | E49: 14500 | F49: 6 | G49: 87000 | N49: =I49+J49+K49+L49+M49 -> 0 | O49: =E49*N49 -> 0
B50: 수박 베이스 | C50: 1.8kg x 6ea | D50: ea | E50: 11000 | F50: 6 | G50: 66000 | N50: =I50+J50+K50+L50+M50 -> 0 | O50: =E50*N50 -> 0
B51: 자두 스무디 | C51: 1.8kg x 6ea | D51: ea | E51: 7000 | F51: 6 | G51: =E51*F51 -> 42000 | N51: =I51+J51+K51+L51+M51 -> 0 | O51: =E51*N51 -> 0
B52: 크림소다 베이스 | C52: 1.8kg x 6ea | D52: ea | E52: 9000 | F52: 6 | G52: =E52*F52 -> 54000 | N52: =I52+J52+K52+L52+M52 -> 0 | O52: =E52*N52 -> 0
B53: 제주하늘 말차 파우더 (24년 추가) | C53: 500g * 12ea | D53: ea | E53: 5300 | F53: 12 | G53: =F53*E53 -> 63600 | N53: =I53+J53+K53+L53+M53 -> 0 | O53: =E53*N53 -> 0
B54: 공주밤 베이스 파우더 (24년 추가) | C54: 1kg x 12ea | D54: ea | E54: 7900 | F54: 12 | G54: =F54*E54 -> 94800 | N54: =I54+J54+K54+L54+M54 -> 0 | O54: =E54*N54 -> 0
B55: 피스타치오 파우더 (24년 추가) | C55: 1kg x 12ea | D55: ea | E55: 8400 | F55: 12 | G55: =F55*E55 -> 100800 | N55: =I55+J55+K55+L55+M55 -> 0 | O55: =E55*N55 -> 0
B56: 17곡 파우더 | C56: 1kg x 12ea | D56: ea | E56: 4500 | F56: 12 | G56: 54000 | N56: =I56+J56+K56+L56+M56 -> 0 | O56: =E56*N56 -> 0
B57: 토피넛파우더 | C57: 1box=12ea | D57: ea | E57: 6700 | F57: 12 | G57: 80400 | N57: =I57+J57+K57+L57+M57 -> 0 | O57: =E57*N57 -> 0
A58: 세미기업 | B58: 딸기스무디 원액 | C58: 1.8kg x 6ea | D58: ea | E58: 6900 | F58: 6 | G58: 41400 | N58: =I58+J58+K58+L58+M58 -> 0 | O58: =E58*N58 -> 0
B59: 망고스무디 원액 | C59: 1.8kg x 6ea | D59: ea | E59: 6900 | F59: 6 | G59: 41400 | N59: =I59+J59+K59+L59+M59 -> 0 | O59: =E59*N59 -> 0
B60: 베리믹스스무디 원액 | C60: 1.8kg x 6ea | D60: ea | E60: 6800 | F60: 6 | G60: 40800 | N60: =I60+J60+K60+L60+M60 -> 0 | O60: =E60*N60 -> 0
B61: 베버시티 레몬에이드 | C61: 1kg x 4ea | D61: ea | E61: 15000 | F61: 4 | G61: 60000 | N61: =I61+J61+K61+L61+M61 -> 0 | O61: =E61*N61 -> 0
B62: 녹차라떼 | C62: 500g x 6ea | D62: ea | E62: 5300 | F62: 6 | G62: 31800 | N62: =I62+J62+K62+L62+M62 -> 0 | O62: =E62*N62 -> 0
B63: 홍차라떼 | C63: 500g x 6ea | D63: ea | E63: 6600 | F63: 6 | G63: 39600 | N63: =I63+J63+K63+L63+M63 -> 0 | O63: =E63*N63 -> 0
B64: 고구마페이스트 | C64: 1kg x 10ea | D64: ea | E64: 5600 | F64: 10 | G64: 56000 | N64: =I64+J64+K64+L64+M64 -> 0 | O64: =E64*N64 -> 0
B65: 군고구마 베이스 (24년 추가) | C65: 1kg x 6ea | D65: ea | E65: 7000 | F65: 6 | G65: =F65*E65 -> 42000 | N65: =I65+J65+K65+L65+M65 -> 0 | O65: =E65*N65 -> 0
B66: 토라니 초코소스 | C66: 1.89L x 4ea | D66: ea | E66: 14100 | F66: 4 | G66: 56400 | N66: =I66+J66+K66+L66+M66 -> 0 | O66: =E66*N66 -> 0
B67: 토라니 카라멜소스 | C67: 1.89L x 4ea | D67: ea | E67: 15100 | F67: 4 | G67: 60400 | N67: =I67+J67+K67+L67+M67 -> 0 | O67: =E67*N67 -> 0
B68: 베버시티 청포도에이드 | C68: 1kg x 4ea | D68: ea | E68: 15300 | F68: 4 | G68: 61200 | N68: =I68+J68+K68+L68+M68 -> 0 | O68: =E68*N68 -> 0
A69: 손맛커피 | B69: 신규 원두 | C69: 1box=10kg | D69: ea | E69: 11000 | F69: 10 | G69: 110000 | N69: =I69+J69+K69+L69+M69 -> 0 | O69: =E69*N69 -> 0
B70: 디카페인 원두 | C70: 1box=10kg | D70: ea | E70: 19000 | F70: 10 | G70: 190000 | N70: =I70+J70+K70+L70+M70 -> 0 | O70: =E70*N70 -> 0
A71: 성유엔터프라이즈 | B71: 티칸 캐모마일 | C71: 1box=10pack | D71: pack | E71: 4000 | F71: 1 | G71: 4000 | N71: =I71+J71+K71+L71+M71 -> 0 | O71: =E71*N71 -> 0
B72: 티칸 페퍼민트 | C72: 1box=10pack | D72: pack | E72: 4000 | F72: 1 | G72: 4000 | N72: =I72+J72+K72+L72+M72 -> 0 | O72: =E72*N72 -> 0
B73: 티칸 루이보스오렌지 | C73: 1box=10pack | D73: pack | E73: 4000 | F73: 1 | G73: 4000 | N73: =I73+J73+K73+L73+M73 -> 0 | O73: =E73*N73 -> 0
B74: 티칸 잉글리쉬블랙퍼스트 | C74: 1box=10pack | D74: pack | E74: 4300 | F74: 1 | G74: 4300 | N74: =I74+J74+K74+L74+M74 -> 0 | O74: =E74*N74 -> 0
E75: =SUM(E5:E74) -> 334992.21 | F75: =SUM(F5:F74) -> 76679 | G75: =SUM(G5:G74) -> 3552570 | H75: =SUM(H5:H74) -> 0 | I75: =SUM(I5:I74) -> 0 | J75: =SUM(J5:J74) -> 0 | K75: =SUM(K5:K74) -> 0 | L75: =SUM(L5:L74) -> 0 | ... O75: =SUM(O5:O74) -> 0
I77: 월 마감 후 익월 15일 결제

Sheet 푸른솔
A1: 카페 쿠피 11월 발주 관리 대장 (푸른솔)
A4: 협력사 | B4: 품목명 | C4: 규격 | D4: 단위 | E4: 입고단가 | F4: 입고단위 | G4: 입고단위단가 | H4: 전월 재고 | I4: 1주차 발주 | J4: 2주차 발주 | K4: 3주차 발주 | L4: 4주차 발주 | M4: 5주차 발주 | N4: 월 발주량 | O4: 월 발주 금액
A5: 비스토리코리아 | B5: 종이컵(-12oz) | C5: 1box=1000ea | D5: ea | E5: 37 | F5: 1000 | G5: 37000 | N5: =I5+J5+K5+L5+M5 -> 0 | O5: =E5*N5 -> 0
B6: 종이컵-16oz | C6: 1box=1000ea | D6: ea | E6: 43 | F6: 1000 | G6: 43000 | H6: 750 | L6: 1000 | N6: =I6+J6+K6+L6+M6 -> 1000 | O6: =E6*N6 -> 43000
B7: 종이컵뚜껑 (12,16oz) | C7: 1box=1000ea | D7: ea | E7: 20 | F7: 1000 | G7: 20000 | H7: 900 | L7: 1000 | N7: =I7+J7+K7+L7+M7 -> 1000 | O7: =E7*N7 -> 20000
B8: 아이스(페트)컵(14oz) | C8: 1box=1000ea | D8: ea | E8: 42 | F8: 1000 | G8: 42000 | N8: =I8+J8+K8+L8+M8 -> 0 | O8: =E8*N8 -> 0
B9: 아이스컵(16oz) | C9: 1box=1000ea | D9: ea | E9: 53 | F9: 1000 | G9: 53000 | H9: 150 | I9: 1000 | N9: =I9+J9+K9+L9+M9 -> 1000 | O9: =E9*N9 -> 53000
B10: 아이스컵(24oz) | C10: 1box=1000ea | D10: ea | E10: 65 | F10: 1000 | G10: 65000 | H10: 150 | I10: 1000 | N10: =I10+J10+K10+L10+M10 -> 1000 | O10: =E10*N10 -> 65000
B11: 아이스컵 돔뚜껑(93Ø) | C11: 1box=1000ea | D11: ea | E11: 18.5 | F11: 1000 | G11: 18500 | H11: 100 | I11: 1000 | N11: =I11+J11+K11+L11+M11 -> 1000 | O11: =E11*N11 -> 18500
B12: 아이스컵 돔뚜껑(98Ø) | C12: 1box=1000ea | D12: ea | E12: 20 | F12: 1000 | G12: 20000 | H12: 50 | I12: 1000 | N12: =I12+J12+K12+L12+M12 -> 1000 | O12: =E12*N12 -> 20000
B13: 아이스컵 평뚜껑(98Ø) | C13: 1box=1000ea | D13: ea | E13: 19 | F13: 1000 | G13: 19000 | N13: =I13+J13+K13+L13+M13 -> 0 | O13: =E13*N13 -> 0
B14: 10/13홀더 (1도인쇄) | C14: 1box=1000ea | D14: ea | E14: 17.5 | F14: 1000 | G14: 17500 | N14: =I14+J14+K14+L14+M14 -> 0 | O14: =E14*N14 -> 0
B15: 12/16홀더(1도인쇄) | C15: 1box=1000ea | D15: ea | E15: 18 | F15: 1000 | G15: 18000 | I15: 1000 | K15: 1000 | N15: =I15+J15+K15+L15+M15 -> 2000 | O15: =E15*N15 -> 36000
B16: 21cm 일자 스트로우 (투명) | C16: 1box=10000ea | D16: ea | E16: 6.9 | F16: 10000 | G16: 69000 | I16: 500 | K16: 500 | N16: =I16+J16+K16+L16+M16 -> 1000 | O16: =E16*N16 -> 6900
B17: 21cm 버블티 스트로우 | C17: 1box=3200ea | D17: ea | E17: 22.1875 | F17: 3200 | G17: 71000 | I17: 200 | N17: =I17+J17+K17+L17+M17 -> 200 | O17: =E17*N17 -> 4437.5
B18: 25cm 일자 스트로우 (블랙) | C18: 1box=10000ea | D18: ea | E18: 7.2 | F18: 10000 | G18: 72000 | N18: =I18+J18+K18+L18+M18 -> 0 | O18: =E18*N18 -> 0
B19: 21cm 종이 스트로우 | C19: 1box=5000ea | D19: ea | E19: 18 | F19: 5000 | G19: 90000 | N19: =I19+J19+K19+L19+M19 -> 0 | O19: =E19*N19 -> 0
B20: 21cm 종이 버블 스트로우 | C20: 1box=4000ea | D20: ea | E20: 26.7 | F20: 4000 | G20: 106800 | H20: 200 | N20: =I20+J20+K20+L20+M20 -> 0 | O20: =E20*N20 -> 0
B21: 25cm 버블티 스트로우 | C21: 1box=3200ea | D21: ea | E21: 22.8125 | F21: 3200 | G21: 73000 | H21: 200 | N21: =I21+J21+K21+L21+M21 -> 0 | O21: =E21*N21 -> 0
B22: 캐리어 무지(크라프트지) | C22: 1box=200ea | D22: ea | E22: 112.5 | F22: 200 | G22: 22500 | H22: 35 | J22: 200 | N22: =I22+J22+K22+L22+M22 -> 200 | O22: =E22*N22 -> 22500
B23: 갈색무지냅킨 | C23: 1box=8000ea | D23: ea | E23: 3.625 | F23: 8000 | G23: 29000 | H23: 4000 | N23: =I23+J23+K23+L23+M23 -> 0 | O23: =E23*N23 -> 0
B24: 커피머신세정제 | C24: 1ea | D24: kg | E24: 12000 | F24: 1 | G24: 12000 | N24: =I24+J24+K24+L24+M24 -> 0 | O24: =E24*N24 -> 0
B25: 15cm 개별포장커피스틱 | C25: 1box=10000ea | D25: ea | E25: 6.4 | F25: 10000 | G25: 64000 | H25: 1000 | N25: =I25+J25+K25+L25+M25 -> 0 | O25: =E25*N25 -> 0
B26: 18cm 개별포장커피스틱 | C26: 1box=10000ea | D26: ea | E26: 6.8 | F26: 10000 | G26: 68000 | N26: =I26+J26+K26+L26+M26 -> 0 | O26: =E26*N26 -> 0
B27: opp 비닐봉투 18*25 | C27: 1pack=200ea | D27: ea | E27: 25 | F27: 200 | G27: 5000 | N27: =I27+J27+K27+L27+M27 -> 0 | O27: =E27*N27 -> 0
B28: 콤부차오리지날 | C28: 1box=12ea | D28: ea | E28: 2100 | F28: 12 | G28: 25200 | H28: 2 | J28: 6 | N28: =I28+J28+K28+L28+M28 -> 6 | O28: =E28*N28 -> 12600
B29: 콤부차진저레몬 | C29: 1box=12ea | D29: ea | E29: 2100 | F29: 12 | G29: 25200 | H29: 6 | N29: =I29+J29+K29+L29+M29 -> 0 | O29: =E29*N29 -> 0
B30: 콤부차석류 | C30: 1box=12ea | D30: ea | E30: 2100 | F30: 12 | G30: 25200 | H30: 6 | N30: =I30+J30+K30+L30+M30 -> 0 | O30: =E30*N30 -> 0
B31: 슈가시럽 | C31: 1box=6ea | D31: ea | E31: 2800 | F31: 6 | G31: 16800 | N31: =I31+J31+K31+L31+M31 -> 0 | O31: =E31*N31 -> 0
B32: 슈가시럽(24년인상) | C32: 1box=6ea | D32: ea | E32: 3200 | F32: 6 | G32: 19200 | H32: 2 | K32: 2 | N32: =I32+J32+K32+L32+M32 -> 2 | O32: =E32*N32 -> 6400
B33: 삼다수 | C33: 1box=20ea | D33: ea | E33: 410 | F33: 20 | G33: 8200 | H33: 5 | N33: =I33+J33+K33+L33+M33 -> 0 | O33: =E33*N33 -> 0
B34: 립톤 복숭아파우더(907g) | C34: 1box=12ea | D34: ea | E34: 7200 | F34: 12 | G34: 86400 | N34: =I34+J34+K34+L34+M34 -> 0 | O34: =E34*N34 -> 0
B35: 립톤 복숭아파우더(907g)(24년인상) | C35: 1box=12ea | D35: ea | E35: 7700 | F35: 12 | G35: 92400 | H35: 5 | I35: 4 | K35: 4 | N35: =I35+J35+K35+L35+M35 -> 8 | O35: =E35*N35 -> 61600
B36: 초정탄산수(1.5L) | C36: 1box=12ea | D36: ea | E36: 1350 | F36: 12 | G36: 16200 | H36: 5 | K36: 4 | N36: =I36+J36+K36+L36+M36 -> 4 | O36: =E36*N36 -> 5400
B37: 메티에 바닐라시럽(700ml) | C37: 1box=8ea | D37: ea | E37: 6870 | F37: 8 | G37: 54960 | N37: =I37+J37+K37+L37+M37 -> 0 | O37: =E37*N37 -> 0
B38: 메티에 헤이즐럿시럽(700ml) | C38: 1box=8ea | D38: ea | E38: 6870 | F38: 8 | G38: 54960 | N38: =I38+J38+K38+L38+M38 -> 0 | O38: =E38*N38 -> 0
B39: 메티에 바닐라시럽(750ml) | C39: 1box=8ea | D39: ea | E39: 7360 | F39: 8 | G39: 58880 | H39: 1 | I39: 2 | K39: 2 | L39: 1 | N39: =I39+J39+K39+L39+M39 -> 5 | O39: =E39*N39 -> 36800
B40: 메티에 헤이즐럿시럽(750ml) | C40: 1box=8ea | D40: ea | E40: 7360 | F40: 8 | G40: 58880 | H40: 1 | I40: 1 | K40: 1 | L40: 1 | N40: =I40+J40+K40+L40+M40 -> 3 | O40: =E40*N40 -> 22080
A41: 성원애드피아 | B41: 적립쿠폰 | C41: 1bundle=500ea | D41: ea | E41: 6.4 | F41: 500 | G41: 3200 | I41: 100 | J41: 100 | K41: 100 | N41: =I41+J41+K41+L41+M41 -> 300 | O41: =E41*N41 -> 1920
B42: 유통기한 스티커 | C42: 1bundle=1000ea | D42: ea | E42: 4.69 | F42: 1000 | G42: 4690 | N42: =I42+J42+K42+L42+M42 -> 0 | O42: =E42*N42 -> 0
A43: 휴럼 | B43: 민트초코파우더 | C43: 1box = 12ea | D43: ea | E43: 7700 | F43: 12 | G43: 92400 | H43: 1 | N43: =I43+J43+K43+L43+M43 -> 0 | O43: =E43*N43 -> 0
B44: 다크초코파우더 | C44: 1box = 12ea | D44: ea | E44: 6200 | F44: 12 | G44: 74400 | H44: 1 | I44: 1 | J44: 1 | N44: =I44+J44+K44+L44+M44 -> 2 | O44: =E44*N44 -> 12400
B45: 청귤베이스 | C45: 1box = 12ea | D45: ea | E45: 6700 | F45: 12 | G45: 80400 | H45: 1 | I45: 1 | L45: 1 | N45: =I45+J45+K45+L45+M45 -> 2 | O45: =E45*N45 -> 13400
B46: 요거에스플레인 | C46: 1box=12ea | D46: ea | E46: 7250 | F46: 12 | G46: 87000 | I46: 2 | K46: 1 | N46: =I46+J46+K46+L46+M46 -> 3 | O46: =E46*N46 -> 21750
B47: 흑당베이스 | C47: 1kg x 12ea | D47: ea | E47: 5300 | F47: 12 | G47: 63600 | I47: 1 | N47: =I47+J47+K47+L47+M47 -> 1 | O47: =E47*N47 -> 5300
B48: 쿠키앤크림 파우더 | C48: 1kg x 12ea | D48: ea | E48: 6600 | F48: 12 | G48: 79200 | H48: 1 | K48: 1 | N48: =I48+J48+K48+L48+M48 -> 1 | O48: =E48*N48 -> 6600
B49: 자몽 베이스 | C49: 1.8kg x 6ea | D49: ea | E49: 14500 | F49: 6 | G49: 87000 | H49: 1 | I49: 1 | L49: 1 | N49: =I49+J49+K49+L49+M49 -> 2 | O49: =E49*N49 -> 29000
B50: 수박 베이스 | C50: 1.8kg x 6ea | D50: ea | E50: 11000 | F50: 6 | G50: 66000 | H50: 1 | N50: =I50+J50+K50+L50+M50 -> 0 | O50: =E50*N50 -> 0
B51: 자두 스무디 | C51: 1.8kg x 6ea | D51: ea | E51: 7000 | F51: 6 | G51: 42000 | I51: 1 | L51: 1 | N51: =I51+J51+K51+L51+M51 -> 2 | O51: =E51*N51 -> 14000
B52: 크림소다 베이스 | C52: 1.8kg x 6ea | D52: ea | E52: 9000 | F52: 6 | G52: 54000 | N52: =I52+J52+K52+L52+M52 -> 0 | O52: =E52*N52 -> 0
B53: 제주하늘 말차 파우더 (24년 추가) | C53: 500g * 12ea | D53: ea | E53: 5300 | F53: 12 | G53: =F53*E53 -> 63600 | H53: 1 | I53: 1 | J53: 1 | K53: 1 | N53: =I53+J53+K53+L53+M53 -> 3 | O53: =E53*N53 -> 15900
B54: 공주밤 베이스 파우더 (24년 추가) | C54: 1kg x 12ea | D54: ea | E54: 7900 | F54: 12 | G54: =F54*E54 -> 94800 | L54: 2 | N54: =I54+J54+K54+L54+M54 -> 2 | O54: =E54*N54 -> 15800
B55: 피스타치오 파우더 (24년 추가) | C55: 1kg x 12ea | D55: ea | E55: 8400 | F55: 12 | G55: =F55*E55 -> 100800 | L55: 2 | N55: =I55+J55+K55+L55+M55 -> 2 | O55: =E55*N55 -> 16800
B56: 17곡 파우더 | C56: 1kg x 12ea | D56: ea | E56: 4500 | F56: 12 | G56: 54000 | H56: 1 | L56: 1 | N56: =I56+J56+K56+L56+M56 -> 1 | O56: =E56*N56 -> 4500
B57: 토피넛파우더 | C57: 1box=12ea | D57: ea | E57: 6700 | F57: 12 | G57: 80400 | H57: 1 | N57: =I57+J57+K57+L57+M57 -> 0 | O57: =E57*N57 -> 0
A58: 세미기업 | B58: 딸기스무디 원액 | C58: 1.8kg x 6ea | D58: ea | E58: 6900 | F58: 6 | G58: 41400 | H58: 1 | K58: 1 | N58: =I58+J58+K58+L58+M58 -> 1 | O58: =E58*N58 -> 6900
B59: 망고스무디 원액 | C59: 1.8kg x 6ea | D59: ea | E59: 6900 | F59: 6 | G59: 41400 | H59: 1 | K59: 1 | N59: =I59+J59+K59+L59+M59 -> 1 | O59: =E59*N59 -> 6900
B60: 베리믹스스무디 원액 | C60: 1.8kg x 6ea | D60: ea | E60: 6800 | F60: 6 | G60: 40800 | I60: 1 | K60: 1 | N60: =I60+J60+K60+L60+M60 -> 2 | O60: =E60*N60 -> 13600
B61: 베버시티 레몬에이드 | C61: 1kg x 4ea | D61: ea | E61: 15000 | F61: 4 | G61: 60000 | H61: 2 | I61: 2 | K61: 1 | L61: 1 | N61: =I61+J61+K61+L61+M61 -> 4 | O61: =E61*N61 -> 60000
B62: 녹차라떼 | C62: 500g x 6ea | D62: ea | E62: 5300 | F62: 6 | G62: 31800 | N62: =I62+J62+K62+L62+M62 -> 0 | O62: =E62*N62 -> 0
B63: 홍차라떼 | C63: 500g x 6ea | D63: ea | E63: 6600 | F63: 6 | G63: 39600 | H63: 1 | I63: 1 | J63: 1 | N63: =I63+J63+K63+L63+M63 -> 2 | O63: =E63*N63 -> 13200
B64: 고구마페이스트 | C64: 1kg x 10ea | D64: ea | E64: 5600 | F64: 10 | G64: 56000 | N64: =I64+J64+K64+L64+M64 -> 0 | O64: =E64*N64 -> 0
B65: 군고구마 베이스 (24년 추가) | C65: 1kg x 6ea | D65: ea | E65: 7000 | F65: 6 | G65: =F65*E65 -> 42000 | H65: 1 | L65: 1 | N65: =I65+J65+K65+L65+M65 -> 1 | O65: =E65*N65 -> 7000
B66: 토라니 초코소스 | C66: 1.89L x 4ea | D66: ea | E66: 14100 | F66: 4 | G66: 56400 | N66: =I66+J66+K66+L66+M66 -> 0 | O66: =E66*N66 -> 0
B67: 토라니 카라멜소스 | C67: 1.89L x 4ea | D67: ea | E67: 15100 | F67: 4 | G67: 60400 | N67: =I67+J67+K67+L67+M67 -> 0 | O67: =E67*N67 -> 0
B68: 베버시티 청포도에이드 | C68: 1kg x 4ea | D68: ea | E68: 15300 | F68: 4 | G68: 61200 | H68: 1 | N68: =I68+J68+K68+L68+M68 -> 0 | O68: =E68*N68 -> 0
A69: 손맛커피 | B69: 신규 원두 | C69: 1box=10kg | D69: ea | E69: 11000 | F69: 10 | G69: 110000 | H69: 11 | I69: 8 | J69: 8 | K69: 8 | L69: 8 | N69: =I69+J69+K69+L69+M69 -> 32 | O69: =E69*N69 -> 352000
B70: 디카페인 원두 | C70: 1box=10kg | D70: ea | E70: 19000 | F70: 10 | G70: 190000 | I70: 1 | K70: 1 | N70: =I70+J70+K70+L70+M70 -> 2 | O70: =E70*N70 -> 38000
A71: 성유엔터프라이즈 | B71: 티칸 캐모마일 | C71: 1box=10pack | D71: pack | E71: 4000 | F71: 1 | G71: 4000 | H71: 1.4 | I71: 1 | N71: =I71+J71+K71+L71+M71 -> 1 | O71: =E71*N71 -> 4000
B72: 티칸 페퍼민트 | C72: 1box=10pack | D72: pack | E72: 4000 | F72: 1 | G72: 4000 | H72: 1.9 | L72: 1 | N72: =I72+J72+K72+L72+M72 -> 1 | O72: =E72*N72 -> 4000
B73: 티칸 루이보스오렌지 | C73: 1box=10pack | D73: pack | E73: 4000 | F73: 1 | G73: 4000 | H73: 0.19 | I73: 1 | N73: =I73+J73+K73+L73+M73 -> 1 | O73: =E73*N73 -> 4000
B74: 티칸 잉글리쉬블랙퍼스트 | C74: 1box=10pack | D74: pack | E74: 4300 | F74: 1 | G74: 4300 | H74: 1.12 | J74: 1 | N74: =I74+J74+K74+L74+M74 -> 1 | O74: =E74*N74 -> 4300
E75: =SUM(E5:E74) -> 334992.21 | F75: =SUM(F5:F74) -> 76679 | G75: =SUM(G5:G74) -> 3552570 | H75: =SUM(H5:H74) -> 7599.61 | I75: =SUM(I5:I74) -> 5830 | J75: =SUM(J5:J74) -> 318 | K75: =SUM(K5:K74) -> 1629 | L75: =SUM(L5:L74) -> 2021 | ... O75: =SUM(O5:O74) -> 1105487.5

Sheet 의과대학
A1: 카페 쿠피 11월 발주 관리 대장 (의과대학)
A4: 협력사 | B4: 품목명 | C4: 규격 | D4: 단위 | E4: 입고단가 | F4: 입고단위 | G4: 입고단위단가 | H4: 전월 재고 | I4: 1주차 발주 | J4: 2주차 발주 | K4: 3주차 발주 | L4: 4주차 발주 | M4: 5주차 발주 | N4: 월 발주량 | O4: 월 발주 금액
A5: 비스토리코리아 | B5: 종이컵(-12oz) | C5: 1box=1000ea | D5: ea | E5: 37 | F5: 1000 | G5: 37000 | H5: 500 | N5: =I5+J5+K5+L5+M5 -> 0 | O5: =E5*N5 -> 0
B6: 종이컵-16oz | C6: 1box=1000ea | D6: ea | E6: 43 | F6: 1000 | G6: 43000 | H6: 600 | N6: =I6+J6+K6+L6+M6 -> 0 | O6: =E6*N6 -> 0
B7: 종이컵뚜껑 (12,16oz) | C7: 1box=1000ea | D7: ea | E7: 20 | F7: 1000 | G7: 20000 | H7: 900 | N7: =I7+J7+K7+L7+M7 -> 0 | O7: =E7*N7 -> 0
B8: 아이스(페트)컵(14oz) | C8: 1box=1000ea | D8: ea | E8: 42 | F8: 1000 | G8: 42000 | N8: =I8+J8+K8+L8+M8 -> 0 | O8: =E8*N8 -> 0
B9: 아이스컵(16oz) | C9: 1box=1000ea | D9: ea | E9: 53 | F9: 1000 | G9: 53000 | H9: 650 | N9: =I9+J9+K9+L9+M9 -> 0 | O9: =E9*N9 -> 0
B10: 아이스컵(24oz) | C10: 1box=1000ea | D10: ea | E10: 65 | F10: 1000 | G10: 65000 | H10: 950 | N10: =I10+J10+K10+L10+M10 -> 0 | O10: =E10*N10 -> 0
B11: 아이스컵 돔뚜껑(93Ø) | C11: 1box=1000ea | D11: ea | E11: 18.5 | F11: 1000 | G11: 18500 | H11: 400 | N11: =I11+J11+K11+L11+M11 -> 0 | O11: =E11*N11 -> 0
B12: 아이스컵 돔뚜껑(98Ø) | C12: 1box=1000ea | D12: ea | E12: 20 | F12: 1000 | G12: 20000 | H12: 1000 | N12: =I12+J12+K12+L12+M12 -> 0 | O12: =E12*N12 -> 0
B13: 아이스컵 평뚜껑(98Ø) | C13: 1box=1000ea | D13: ea | E13: 19 | F13: 1000 | G13: 19000 | N13: =I13+J13+K13+L13+M13 -> 0 | O13: =E13*N13 -> 0
B14: 10/13홀더 (1도인쇄) | C14: 1box=1000ea | D14: ea | E14: 17.5 | F14: 1000 | G14: 17500 | N14: =I14+J14+K14+L14+M14 -> 0 | O14: =E14*N14 -> 0
B15: 12/16홀더(1도인쇄) | C15: 1box=1000ea | D15: ea | E15: 18 | F15: 1000 | G15: 18000 | N15: =I15+J15+K15+L15+M15 -> 0 | O15: =E15*N15 -> 0
B16: 21cm 일자 스트로우 (투명) | C16: 1box=10000ea | D16: ea | E16: 6.9 | F16: 10000 | G16: 69000 | H16: 500 | K16: 500 | N16: =I16+J16+K16+L16+M16 -> 500 | O16: =E16*N16 -> 3450
B17: 21cm 버블티 스트로우 | C17: 1box=3200ea | D17: ea | E17: 22.1875 | F17: 3200 | G17: 71000 | N17: =I17+J17+K17+L17+M17 -> 0 | O17: =E17*N17 -> 0
B18: 25cm 일자 스트로우 (블랙) | C18: 1box=10000ea | D18: ea | E18: 7.2 | F18: 10000 | G18: 72000 | H18: 500 | N18: =I18+J18+K18+L18+M18 -> 0 | O18: =E18*N18 -> 0
B19: 21cm 종이 스트로우 | C19: 1box=5000ea | D19: ea | E19: 18 | F19: 5000 | G19: 90000 | N19: =I19+J19+K19+L19+M19 -> 0 | O19: =E19*N19 -> 0
B20: 21cm 종이 버블 스트로우 | C20: 1box=4000ea | D20: ea | E20: 26.7 | F20: 4000 | G20: 106800 | N20: =I20+J20+K20+L20+M20 -> 0 | O20: =E20*N20 -> 0
B21: 25cm 버블티 스트로우 | C21: 1box=3200ea | D21: ea | E21: 22.8125 | F21: 3200 | G21: 73000 | N21: =I21+J21+K21+L21+M21 -> 0 | O21: =E21*N21 -> 0
B22: 캐리어 무지(크라프트지) | C22: 1box=200ea | D22: ea | E22: 112.5 | F22: 200 | G22: 22500 | H22: 115 | N22: =I22+J22+K22+L22+M22 -> 0 | O22: =E22*N22 -> 0
B23: 갈색무지냅킨 | C23: 1box=8000ea | D23: ea | E23: 3.625 | F23: 8000 | G23: 29000 | H23: 800 | N23: =I23+J23+K23+L23+M23 -> 0 | O23: =E23*N23 -> 0
B24: 커피머신세정제 | C24: 1ea | D24: kg | E24: 12000 | F24: 1 | G24: 12000 | N24: =I24+J24+K24+L24+M24 -> 0 | O24: =E24*N24 -> 0
B25: 15cm 개별포장커피스틱 | C25: 1box=10000ea | D25: ea | E25: 6.4 | F25: 10000 | G25: 64000 | H25: 3000 | N25: =I25+J25+K25+L25+M25 -> 0 | O25: =E25*N25 -> 0
B26: 18cm 개별포장커피스틱 | C26: 1box=10000ea | D26: ea | E26: 6.8 | F26: 10000 | G26: 68000 | N26: =I26+J26+K26+L26+M26 -> 0 | O26: =E26*N26 -> 0
B27: opp 비닐봉투 18*25 | C27: 1pack=200ea | D27: ea | E27: 25 | F27: 200 | G27: 5000 | N27: =I27+J27+K27+L27+M27 -> 0 | O27: =E27*N27 -> 0
B28: 콤부차오리지날 | C28: 1box=12ea | D28: ea | E28: 2100 | F28: 12 | G28: 25200 | N28: =I28+J28+K28+L28+M28 -> 0 | O28: =E28*N28 -> 0
B29: 콤부차진저레몬 | C29: 1box=12ea | D29: ea | E29: 2100 | F29: 12 | G29: 25200 | N29: =I29+J29+K29+L29+M29 -> 0 | O29: =E29*N29 -> 0
B30: 콤부차석류 | C30: 1box=12ea | D30: ea | E30: 2100 | F30: 12 | G30: 25200 | N30: =I30+J30+K30+L30+M30 -> 0 | O30: =E30*N30 -> 0
B31: 슈가시럽 | C31: 1box=6ea | D31: ea | E31: 2800 | F31: 6 | G31: 16800 | N31: =I31+J31+K31+L31+M31 -> 0 | O31: =E31*N31 -> 0
B32: 슈가시럽(24년인상) | C32: 1box=6ea | D32: ea | E32: 3200 | F32: 6 | G32: 19200 | H32: 1 | N32: =I32+J32+K32+L32+M32 -> 0 | O32: =E32*N32 -> 0
B33: 삼다수 | C33: 1box=20ea | D33: ea | E33: 410 | F33: 20 | G33: 8200 | N33: =I33+J33+K33+L33+M33 -> 0 | O33: =E33*N33 -> 0
B34: 립톤 복숭아파우더(907g) | C34: 1box=12ea | D34: ea | E34: 7200 | F34: 12 | G34: 86400 | N34: =I34+J34+K34+L34+M34 -> 0 | O34: =E34*N34 -> 0
B35: 립톤 복숭아파우더(907g)(24년인상) | C35: 1box=12ea | D35: ea | E35: 7700 | F35: 12 | G35: 92400 | H35: 6 | N35: =I35+J35+K35+L35+M35 -> 0 | O35: =E35*N35 -> 0
B36: 초정탄산수(1.5L) | C36: 1box=12ea | D36: ea | E36: 1350 | F36: 12 | G36: 16200 | H36: 3 | N36: =I36+J36+K36+L36+M36 -> 0 | O36: =E36*N36 -> 0
B37: 메티에 바닐라시럽(700ml) | C37: 1box=8ea | D37: ea | E37: 6870 | F37: 8 | G37: 54960 | N37: =I37+J37+K37+L37+M37 -> 0 | O37: =E37*N37 -> 0
B38: 메티에 헤이즐럿시럽(700ml) | C38: 1box=8ea | D38: ea | E38: 6870 | F38: 8 | G38: 54960 | N38: =I38+J38+K38+L38+M38 -> 0 | O38: =E38*N38 -> 0
B39: 메티에 바닐라시럽(750ml) | C39: 1box=8ea | D39: ea | E39: 7360 | F39: 8 | G39: 58880 | H39: 1 | K39: 1 | N39: =I39+J39+K39+L39+M39 -> 1 | O39: =E39*N39 -> 7360
B40: 메티에 헤이즐럿시럽(750ml) | C40: 1box=8ea | D40: ea | E40: 7360 | F40: 8 | G40: 58880 | H40: 1 | N40: =I40+J40+K40+L40+M40 -> 0 | O40: =E40*N40 -> 0
A41: 성원애드피아 | B41: 적립쿠폰 | C41: 1bundle=500ea | D41: ea | E41: 6.4 | F41: 500 | G41: 3200 | N41: =I41+J41+K41+L41+M41 -> 0 | O41: =E41*N41 -> 0
B42: 유통기한 스티커 | C42: 1bundle=1000ea | D42: ea | E42: 4.69 | F42: 1000 | G42: 4690 | N42: =I42+J42+K42+L42+M42 -> 0 | O42: =E42*N42 -> 0
A43: 휴럼 | B43: 민트초코파우더 | C43: 1box = 12ea | D43: ea | E43: 7700 | F43: 12 | G43: 92400 | H43: 1 | N43: =I43+J43+K43+L43+M43 -> 0 | O43: =E43*N43 -> 0
B44: 다크초코파우더 | C44: 1box = 12ea | D44: ea | E44: 6200 | F44: 12 | G44: 74400 | J44: 1 | N44: =I44+J44+K44+L44+M44 -> 1 | O44: =E44*N44 -> 6200
B45: 청귤베이스 | C45: 1box = 12ea | D45: ea | E45: 6700 | F45: 12 | G45: 80400 | H45: 1 | N45: =I45+J45+K45+L45+M45 -> 0 | O45: =E45*N45 -> 0
B46: 요거에스플레인 | C46: 1box=12ea | D46: ea | E46: 7250 | F46: 12 | G46: 87000 | H46: 1 | N46: =I46+J46+K46+L46+M46 -> 0 | O46: =E46*N46 -> 0
B47: 흑당베이스 | C47: 1kg x 12ea | D47: ea | E47: 5300 | F47: 12 | G47: 63600 | N47: =I47+J47+K47+L47+M47 -> 0 | O47: =E47*N47 -> 0
B48: 쿠키앤크림 파우더 | C48: 1kg x 12ea | D48: ea | E48: 6600 | F48: 12 | G48: 79200 | H48: 1 | N48: =I48+J48+K48+L48+M48 -> 0 | O48: =E48*N48 -> 0
B49: 자몽 베이스 | C49: 1.8kg x 6ea | D49: ea | E49: 14500 | F49: 6 | G49: 87000 | H49: 1 | N49: =I49+J49+K49+L49+M49 -> 0 | O49: =E49*N49 -> 0
B50: 수박 베이스 | C50: 1.8kg x 6ea | D50: ea | E50: 11000 | F50: 6 | G50: 66000 | H50: 1 | N50: =I50+J50+K50+L50+M50 -> 0 | O50: =E50*N50 -> 0
B51: 자두 스무디 | C51: 1.8kg x 6ea | D51: ea | E51: 7000 | F51: 6 | G51: 42000 | H51: 1 | N51: =I51+J51+K51+L51+M51 -> 0 | O51: =E51*N51 -> 0
B52: 크림소다 베이스 | C52: 1.8kg x 6ea | D52: ea | E52: 9000 | F52: 6 | G52: 54000 | N52: =I52+J52+K52+L52+M52 -> 0 | O52: =E52*N52 -> 0
B53: 제주하늘 말차 파우더 (24년 추가) | C53: 500g * 12ea | D53: ea | E53: 5300 | F53: 12 | G53: =F53*E53 -> 63600 | H53: 2 | N53: =I53+J53+K53+L53+M53 -> 0 | O53: =E53*N53 -> 0
B54: 공주밤 베이스 파우더 (24년 추가) | C54: 1kg x 12ea | D54: ea | E54: 7900 | F54: 12 | G54: =F54*E54 -> 94800 | L54: 2 | N54: =I54+J54+K54+L54+M54 -> 2 | O54: =E54*N54 -> 15800
B55: 피스타치오 파우더 (24년 추가) | C55: 1kg x 12ea | D55: ea | E55: 8400 | F55: 12 | G55: =F55*E55 -> 100800 | L55: 2 | N55: =I55+J55+K55+L55+M55 -> 2 | O55: =E55*N55 -> 16800
B56: 17곡 파우더 | C56: 1kg x 12ea | D56: ea | E56: 4500 | F56: 12 | G56: 54000 | H56: 1 | K56: 1 | N56: =I56+J56+K56+L56+M56 -> 1 | O56: =E56*N56 -> 4500
B57: 토피넛파우더 | C57: 1box=12ea | D57: ea | E57: 6700 | F57: 12 | G57: 80400 | H57: 1 | N57: =I57+J57+K57+L57+M57 -> 0 | O57: =E57*N57 -> 0
A58: 세미기업 | B58: 딸기스무디 원액 | C58: 1.8kg x 6ea | D58: ea | E58: 6900 | F58: 6 | G58: 41400 | H58: 1 | N58: =I58+J58+K58+L58+M58 -> 0 | O58: =E58*N58 -> 0
B59: 망고스무디 원액 | C59: 1.8kg x 6ea | D59: ea | E59: 6900 | F59: 6 | G59: 41400 | H59: 1 | N59: =I59+J59+K59+L59+M59 -> 0 | O59: =E59*N59 -> 0
B60: 베리믹스스무디 원액 | C60: 1.8kg x 6ea | D60: ea | E60: 6800 | F60: 6 | G60: 40800 | H60: 1 | J60: 1 | N60: =I60+J60+K60+L60+M60 -> 1 | O60: =E60*N60 -> 6800
B61: 베버시티 레몬에이드 | C61: 1kg x 4ea | D61: ea | E61: 15000 | F61: 4 | G61: 60000 | H61: 1 | N61: =I61+J61+K61+L61+M61 -> 0 | O61: =E61*N61 -> 0
B62: 녹차라떼 | C62: 500g x 6ea | D62: ea | E62: 5300 | F62: 6 | G62: 31800 | N62: =I62+J62+K62+L62+M62 -> 0 | O62: =E62*N62 -> 0
B63: 홍차라떼 | C63: 500g x 6ea | D63: ea | E63: 6600 | F63: 6 | G63: 39600 | H63: 1 | N63: =I63+J63+K63+L63+M63 -> 0 | O63: =E63*N63 -> 0
B64: 고구마페이스트 | C64: 1kg x 10ea | D64: ea | E64: 5600 | F64: 10 | G64: 56000 | N64: =I64+J64+K64+L64+M64 -> 0 | O64: =E64*N64 -> 0
B65: 군고구마 베이스 (24년 추가) | C65: 1kg x 6ea | D65: ea | E65: 7000 | F65: 6 | G65: =F65*E65 -> 42000 | N65: =I65+J65+K65+L65+M65 -> 0 | O65: =E65*N65 -> 0
B66: 토라니 초코소스 | C66: 1.89L x 4ea | D66: ea | E66: 14100 | F66: 4 | G66: 56400 | N66: =I66+J66+K66+L66+M66 -> 0 | O66: =E66*N66 -> 0
B67: 토라니 카라멜소스 | C67: 1.89L x 4ea | D67: ea | E67: 15100 | F67: 4 | G67: 60400 | H67: 1 | N67: =I67+J67+K67+L67+M67 -> 0 | O67: =E67*N67 -> 0
B68: 베버시티 청포도에이드 | C68: 1kg x 4ea | D68: ea | E68: 15300 | F68: 4 | G68: 61200 | H68: 1 | N68: =I68+J68+K68+L68+M68 -> 0 | O68: =E68*N68 -> 0
A69: 손맛커피 | B69: 신규 원두 | C69: 1box=10kg | D69: ea | E69: 11000 | F69: 10 | G69: 110000 | H69: 9 | L69: 3 | N69: =I69+J69+K69+L69+M69 -> 3 | O69: =E69*N69 -> 33000
B70: 디카페인 원두 | C70: 1box=10kg | D70: ea | E70: 19000 | F70: 10 | G70: 190000 | H70: 1 | N70: =I70+J70+K70+L70+M70 -> 0 | O70: =E70*N70 -> 0
A71: 성유엔터프라이즈 | B71: 티칸 캐모마일 | C71: 1box=10pack | D71: pack | E71: 4000 | F71: 1 | G71: 4000 | H71: 0.18 | J71: 1 | N71: =I71+J71+K71+L71+M71 -> 1 | O71: =E71*N71 -> 4000
B72: 티칸 페퍼민트 | C72: 1box=10pack | D72: pack | E72: 4000 | F72: 1 | G72: 4000 | H72: 1.13 | N72: =I72+J72+K72+L72+M72 -> 0 | O72: =E72*N72 -> 0
B73: 티칸 루이보스오렌지 | C73: 1box=10pack | D73: pack | E73: 4000 | F73: 1 | G73: 4000 | H73: 1.12 | N73: =I73+J73+K73+L73+M73 -> 0 | O73: =E73*N73 -> 0
B74: 티칸 잉글리쉬블랙퍼스트 | C74: 1box=10pack | D74: pack | E74: 4300 | F74: 1 | G74: 4300 | H74: 1.08 | N74: =I74+J74+K74+L74+M74 -> 0 | O74: =E74*N74 -> 0
E75: =SUM(E5:E74) -> 334992.21 | F75: =SUM(F5:F74) -> 76679 | G75: =SUM(G5:G74) -> 3552570 | H75: =SUM(H5:H74) -> 9958.51 | I75: =SUM(I5:I74) -> 0 | J75: =SUM(J5:J74) -> 3 | K75: =SUM(K5:K74) -> 502 | L75: =SUM(L5:L74) -> 7 | ... O75: =SUM(O5:O74) -> 97910

Sheet 중앙도서관
A1: 카페 쿠피 11월 발주 관리 대장 (중앙도서관)
A4: 협력사 | B4: 품목명 | C4: 규격 | D4: 단위 | E4: 입고단가 | F4: 입고단위 | G4: 입고단위단가 | H4: 전월 재고 | I4: 1주차 발주 | J4: 2주차 발주 | K4: 3주차 발주 | L4: 4주차 발주 | M4: 5주차 발주 | N4: 월 발주량 | O4: 월 발주 금액
A5: 비스토리코리아 | B5: 종이컵(-12oz) | C5: 1box=1000ea | D5: ea | E5: 37 | F5: 1000 | G5: 37000 | N5: =I5+J5+K5+L5+M5 -> 0 | O5: =E5*N5 -> 0
B6: 종이컵-16oz | C6: 1box=1000ea | D6: ea | E6: 43 | F6: 1000 | G6: 43000 | H6: 350 | J6: 1000 | N6: =I6+J6+K6+L6+M6 -> 1000 | O6: =E6*N6 -> 43000
B7: 종이컵뚜껑 (12,16oz) | C7: 1box=1000ea | D7: ea | E7: 20 | F7: 1000 | G7: 20000 | H7: 1100 | N7: =I7+J7+K7+L7+M7 -> 0 | O7: =E7*N7 -> 0
B8: 아이스(페트)컵(14oz) | C8: 1box=1000ea | D8: ea | E8: 42 | F8: 1000 | G8: 42000 | N8: =I8+J8+K8+L8+M8 -> 0 | O8: =E8*N8 -> 0
B9: 아이스컵(16oz) | C9: 1box=1000ea | D9: ea | E9: 53 | F9: 1000 | G9: 53000 | H9: 950 | I9: 1000 | L9: 1000 | N9: =I9+J9+K9+L9+M9 -> 2000 | O9: =E9*N9 -> 106000
B10: 아이스컵(24oz) | C10: 1box=1000ea | D10: ea | E10: 65 | F10: 1000 | G10: 65000 | H10: 300 | I10: 1000 | N10: =I10+J10+K10+L10+M10 -> 1000 | O10: =E10*N10 -> 65000
B11: 아이스컵 돔뚜껑(93Ø) | C11: 1box=1000ea | D11: ea | E11: 18.5 | F11: 1000 | G11: 18500 | H11: 750 | I11: 1000 | L11: 1000 | N11: =I11+J11+K11+L11+M11 -> 2000 | O11: =E11*N11 -> 37000
B12: 아이스컵 돔뚜껑(98Ø) | C12: 1box=1000ea | D12: ea | E12: 20 | F12: 1000 | G12: 20000 | H12: 350 | I12: 1000 | N12: =I12+J12+K12+L12+M12 -> 1000 | O12: =E12*N12 -> 20000
B13: 아이스컵 평뚜껑(98Ø) | C13: 1box=1000ea | D13: ea | E13: 19 | F13: 1000 | G13: 19000 | N13: =I13+J13+K13+L13+M13 -> 0 | O13: =E13*N13 -> 0
B14: 10/13홀더 (1도인쇄) | C14: 1box=1000ea | D14: ea | E14: 17.5 | F14: 1000 | G14: 17500 | N14: =I14+J14+K14+L14+M14 -> 0 | O14: =E14*N14 -> 0
B15: 12/16홀더(1도인쇄) | C15: 1box=1000ea | D15: ea | E15: 18 | F15: 1000 | G15: 18000 | I15: 1000 | K15: 1000 | N15: =I15+J15+K15+L15+M15 -> 2000 | O15: =E15*N15 -> 36000
B16: 21cm 일자 스트로우 (투명) | C16: 1box=10000ea | D16: ea | E16: 6.9 | F16: 10000 | G16: 69000 | N16: =I16+J16+K16+L16+M16 -> 0 | O16: =E16*N16 -> 0
B17: 21cm 버블티 스트로우 | C17: 1box=3200ea | D17: ea | E17: 22.1875 | F17: 3200 | G17: 71000 | H17: 200 | L17: 200 | N17: =I17+J17+K17+L17+M17 -> 200 | O17: =E17*N17 -> 4437.5
B18: 25cm 일자 스트로우 (블랙) | C18: 1box=10000ea | D18: ea | E18: 7.2 | F18: 10000 | G18: 72000 | H18: 500 | I18: 500 | J18: 500 | L18: 500 | N18: =I18+J18+K18+L18+M18 -> 1500 | O18: =E18*N18 -> 10800
B19: 21cm 종이 스트로우 | C19: 1box=5000ea | D19: ea | E19: 18 | F19: 5000 | G19: 90000 | N19: =I19+J19+K19+L19+M19 -> 0 | O19: =E19*N19 -> 0
B20: 21cm 종이 버블 스트로우 | C20: 1box=4000ea | D20: ea | E20: 26.7 | F20: 4000 | G20: 106800 | N20: =I20+J20+K20+L20+M20 -> 0 | O20: =E20*N20 -> 0
B21: 25cm 버블티 스트로우 | C21: 1box=3200ea | D21: ea | E21: 22.8125 | F21: 3200 | G21: 73000 | I21: 200 | N21: =I21+J21+K21+L21+M21 -> 200 | O21: =E21*N21 -> 4562.5
B22: 캐리어 무지(크라프트지) | C22: 1box=200ea | D22: ea | E22: 112.5 | F22: 200 | G22: 22500 | H22: 150 | L22: 200 | N22: =I22+J22+K22+L22+M22 -> 200 | O22: =E22*N22 -> 22500
B23: 갈색무지냅킨 | C23: 1box=8000ea | D23: ea | E23: 3.625 | F23: 8000 | G23: 29000 | N23: =I23+J23+K23+L23+M23 -> 0 | O23: =E23*N23 -> 0
B24: 커피머신세정제 | C24: 1ea | D24: kg | E24: 12000 | F24: 1 | G24: 12000 | N24: =I24+J24+K24+L24+M24 -> 0 | O24: =E24*N24 -> 0
B25: 15cm 개별포장커피스틱 | C25: 1box=10000ea | D25: ea | E25: 6.4 | F25: 10000 | G25: 64000 | N25: =I25+J25+K25+L25+M25 -> 0 | O25: =E25*N25 -> 0
B26: 18cm 개별포장커피스틱 | C26: 1box=10000ea | D26: ea | E26: 6.8 | F26: 10000 | G26: 68000 | I26: 1000 | N26: =I26+J26+K26+L26+M26 -> 1000 | O26: =E26*N26 -> 6800
B27: opp 비닐봉투 18*25 | C27: 1pack=200ea | D27: ea | E27: 25 | F27: 200 | G27: 5000 | N27: =I27+J27+K27+L27+M27 -> 0 | O27: =E27*N27 -> 0
B28: 콤부차오리지날 | C28: 1box=12ea | D28: ea | E28: 2100 | F28: 12 | G28: 25200 | N28: =I28+J28+K28+L28+M28 -> 0 | O28: =E28*N28 -> 0
B29: 콤부차진저레몬 | C29: 1box=12ea | D29: ea | E29: 2100 | F29: 12 | G29: 25200 | H29: 6 | K29: 6 | N29: =I29+J29+K29+L29+M29 -> 6 | O29: =E29*N29 -> 12600
B30: 콤부차석류 | C30: 1box=12ea | D30: ea | E30: 2100 | F30: 12 | G30: 25200 | H30: 6 | K30: 6 | N30: =I30+J30+K30+L30+M30 -> 6 | O30: =E30*N30 -> 12600
B31: 슈가시럽 | C31: 1box=6ea | D31: ea | E31: 2800 | F31: 6 | G31: 16800 | N31: =I31+J31+K31+L31+M31 -> 0 | O31: =E31*N31 -> 0
B32: 슈가시럽(24년인상) | C32: 1box=6ea | D32: ea | E32: 3200 | F32: 6 | G32: 19200 | H32: 1 | I32: 1 | J32: 1 | L32: 1 | N32: =I32+J32+K32+L32+M32 -> 3 | O32: =E32*N32 -> 9600
B33: 삼다수 | C33: 1box=20ea | D33: ea | E33: 410 | F33: 20 | G33: 8200 | N33: =I33+J33+K33+L33+M33 -> 0 | O33: =E33*N33 -> 0
B34: 립톤 복숭아파우더(907g) | C34: 1box=12ea | D34: ea | E34: 7200 | F34: 12 | G34: 86400 | N34: =I34+J34+K34+L34+M34 -> 0 | O34: =E34*N34 -> 0
B35: 립톤 복숭아파우더(907g)(24년인상) | C35: 1box=12ea | D35: ea | E35: 7700 | F35: 12 | G35: 92400 | H35: 8 | I35: 4 | J35: 4 | K35: 4 | L35: 2 | N35: =I35+J35+K35+L35+M35 -> 14 | O35: =E35*N35 -> 107800
B36: 초정탄산수(1.5L) | C36: 1box=12ea | D36: ea | E36: 1350 | F36: 12 | G36: 16200 | H36: 3 | I36: 3 | J36: 2 | K36: 2 | N36: =I36+J36+K36+L36+M36 -> 7 | O36: =E36*N36 -> 9450
B37: 메티에 바닐라시럽(700ml) | C37: 1box=8ea | D37: ea | E37: 6870 | F37: 8 | G37: 54960 | N37: =I37+J37+K37+L37+M37 -> 0 | O37: =E37*N37 -> 0
B38: 메티에 헤이즐럿시럽(700ml) | C38: 1box=8ea | D38: ea | E38: 6870 | F38: 8 | G38: 54960 | N38: =I38+J38+K38+L38+M38 -> 0 | O38: =E38*N38 -> 0
B39: 메티에 바닐라시럽(750ml) | C39: 1box=8ea | D39: ea | E39: 7360 | F39: 8 | G39: 58880 | H39: 5 | J39: 2 | K39: 2 | N39: =I39+J39+K39+L39+M39 -> 4 | O39: =E39*N39 -> 29440
B40: 메티에 헤이즐럿시럽(750ml) | C40: 1box=8ea | D40: ea | E40: 7360 | F40: 8 | G40: 58880 | I40: 1 | K40: 1 | L40: 1 | N40: =I40+J40+K40+L40+M40 -> 3 | O40: =E40*N40 -> 22080
A41: 성원애드피아 | B41: 적립쿠폰 | C41: 1bundle=500ea | D41: ea | E41: 6.4 | F41: 500 | G41: 3200 | K41: 100 | N41: =I41+J41+K41+L41+M41 -> 100 | O41: =E41*N41 -> 640
B42: 유통기한 스티커 | C42: 1bundle=1000ea | D42: ea | E42: 4.69 | F42: 1000 | G42: 4690 | N42: =I42+J42+K42+L42+M42 -> 0 | O42: =E42*N42 -> 0
A43: 휴럼 | B43: 민트초코파우더 | C43: 1box = 12ea | D43: ea | E43: 7700 | F43: 12 | G43: 92400 | H43: 1 | I43: 1 | L43: 1 | N43: =I43+J43+K43+L43+M43 -> 2 | O43: =E43*N43 -> 15400
B44: 다크초코파우더 | C44: 1box = 12ea | D44: ea | E44: 6200 | F44: 12 | G44: 74400 | H44: 2 | J44: 1 | K44: 1 | N44: =I44+J44+K44+L44+M44 -> 2 | O44: =E44*N44 -> 12400
B45: 청귤베이스 | C45: 1box = 12ea | D45: ea | E45: 6700 | F45: 12 | G45: 80400 | H45: 1 | J45: 2 | K45: 1 | L45: 1 | N45: =I45+J45+K45+L45+M45 -> 4 | O45: =E45*N45 -> 26800
B46: 요거에스플레인 | C46: 1box=12ea | D46: ea | E46: 7250 | F46: 12 | G46: 87000 | H46: 1 | I46: 2 | K46: 2 | N46: =I46+J46+K46+L46+M46 -> 4 | O46: =E46*N46 -> 29000
B47: 흑당베이스 | C47: 1kg x 12ea | D47: ea | E47: 5300 | F47: 12 | G47: 63600 | N47: =I47+J47+K47+L47+M47 -> 0 | O47: =E47*N47 -> 0
B48: 쿠키앤크림 파우더 | C48: 1kg x 12ea | D48: ea | E48: 6600 | F48: 12 | G48: 79200 | H48: 1 | J48: 1 | K48: 1 | N48: =I48+J48+K48+L48+M48 -> 2 | O48: =E48*N48 -> 13200
B49: 자몽 베이스 | C49: 1.8kg x 6ea | D49: ea | E49: 14500 | F49: 6 | G49: 87000 | J49: 1 | N49: =I49+J49+K49+L49+M49 -> 1 | O49: =E49*N49 -> 14500
B50: 수박 베이스 | C50: 1.8kg x 6ea | D50: ea | E50: 11000 | F50: 6 | G50: 66000 | N50: =I50+J50+K50+L50+M50 -> 0 | O50: =E50*N50 -> 0
B51: 자두 스무디 | C51: 1.8kg x 6ea | D51: ea | E51: 7000 | F51: 6 | G51: 42000 | H51: 1 | I51: 1 | J51: 1 | K51: 1 | N51: =I51+J51+K51+L51+M51 -> 3 | O51: =E51*N51 -> 21000
B52: 크림소다 베이스 | C52: 1.8kg x 6ea | D52: ea | E52: 9000 | F52: 6 | G52: 54000 | H52: 1 | I52: 1 | K52: 1 | N52: =I52+J52+K52+L52+M52 -> 2 | O52: =E52*N52 -> 18000
B53: 제주하늘 말차 파우더 (24년 추가) | C53: 500g * 12ea | D53: ea | E53: 5300 | F53: 12 | G53: =F53*E53 -> 63600 | I53: 2 | J53: 2 | K53: 1 | L53: 1 | N53: =I53+J53+K53+L53+M53 -> 6 | O53: =E53*N53 -> 31800
B54: 공주밤 베이스 파우더 (24년 추가) | C54: 1kg x 12ea | D54: ea | E54: 7900 | F54: 12 | G54: =F54*E54 -> 94800 | L54: 2 | N54: =I54+J54+K54+L54+M54 -> 2 | O54: =E54*N54 -> 15800
B55: 피스타치오 파우더 (24년 추가) | C55: 1kg x 12ea | D55: ea | E55: 8400 | F55: 12 | G55: =F55*E55 -> 100800 | L55: 2 | N55: =I55+J55+K55+L55+M55 -> 2 | O55: =E55*N55 -> 16800
B56: 17곡 파우더 | C56: 1kg x 12ea | D56: ea | E56: 4500 | F56: 12 | G56: 54000 | I56: 2 | J56: 1 | N56: =I56+J56+K56+L56+M56 -> 3 | O56: =E56*N56 -> 13500
B57: 토피넛파우더 | C57: 1box=12ea | D57: ea | E57: 6700 | F57: 12 | G57: 80400 | H57: 1 | I57: 1 | L57: 1 | N57: =I57+J57+K57+L57+M57 -> 2 | O57: =E57*N57 -> 13400
A58: 세미기업 | B58: 딸기스무디 원액 | C58: 1.8kg x 6ea | D58: ea | E58: 6900 | F58: 6 | G58: 41400 | H58: 2 | J58: 1 | K58: 1 | N58: =I58+J58+K58+L58+M58 -> 2 | O58: =E58*N58 -> 13800
B59: 망고스무디 원액 | C59: 1.8kg x 6ea | D59: ea | E59: 6900 | F59: 6 | G59: 41400 | H59: 2 | J59: 1 | N59: =I59+J59+K59+L59+M59 -> 1 | O59: =E59*N59 -> 6900
B60: 베리믹스스무디 원액 | C60: 1.8kg x 6ea | D60: ea | E60: 6800 | F60: 6 | G60: 40800 | H60: 2 | J60: 1 | N60: =I60+J60+K60+L60+M60 -> 1 | O60: =E60*N60 -> 6800
B61: 베버시티 레몬에이드 | C61: 1kg x 4ea | D61: ea | E61: 15000 | F61: 4 | G61: 60000 | H61: 1 | I61: 2 | J61: 2 | K61: 3 | N61: =I61+J61+K61+L61+M61 -> 7 | O61: =E61*N61 -> 105000
B62: 녹차라떼 | C62: 500g x 6ea | D62: ea | E62: 5300 | F62: 6 | G62: 31800 | N62: =I62+J62+K62+L62+M62 -> 0 | O62: =E62*N62 -> 0
B63: 홍차라떼 | C63: 500g x 6ea | D63: ea | E63: 6600 | F63: 6 | G63: 39600 | H63: 1 | J63: 2 | K63: 1 | N63: =I63+J63+K63+L63+M63 -> 3 | O63: =E63*N63 -> 19800
B64: 고구마페이스트 | C64: 1kg x 10ea | D64: ea | E64: 5600 | F64: 10 | G64: 56000 | N64: =I64+J64+K64+L64+M64 -> 0 | O64: =E64*N64 -> 0
B65: 군고구마 베이스 (24년 추가) | C65: 1kg x 6ea | D65: ea | E65: 7000 | F65: 6 | G65: =F65*E65 -> 42000 | I65: 1 | K65: 1 | L65: 1 | N65: =I65+J65+K65+L65+M65 -> 3 | O65: =E65*N65 -> 21000
B66: 토라니 초코소스 | C66: 1.89L x 4ea | D66: ea | E66: 14100 | F66: 4 | G66: 56400 | H66: 1 | J66: 1 | N66: =I66+J66+K66+L66+M66 -> 1 | O66: =E66*N66 -> 14100
B67: 토라니 카라멜소스 | C67: 1.89L x 4ea | D67: ea | E67: 15100 | F67: 4 | G67: 60400 | H67: 1 | N67: =I67+J67+K67+L67+M67 -> 0 | O67: =E67*N67 -> 0
B68: 베버시티 청포도에이드 | C68: 1kg x 4ea | D68: ea | E68: 15300 | F68: 4 | G68: 61200 | H68: 3 | L68: 1 | N68: =I68+J68+K68+L68+M68 -> 1 | O68: =E68*N68 -> 15300
A69: 손맛커피 | B69: 신규 원두 | C69: 1box=10kg | D69: ea | E69: 11000 | F69: 10 | G69: 110000 | H69: 11 | I69: 12 | J69: 7 | K69: 4 | L69: 10 | N69: =I69+J69+K69+L69+M69 -> 33 | O69: =E69*N69 -> 363000
B70: 디카페인 원두 | C70: 1box=10kg | D70: ea | E70: 19000 | F70: 10 | G70: 190000 | I70: 1 | L70: 1 | N70: =I70+J70+K70+L70+M70 -> 2 | O70: =E70*N70 -> 38000
A71: 성유엔터프라이즈 | B71: 티칸 캐모마일 | C71: 1box=10pack | D71: pack | E71: 4000 | F71: 1 | G71: 4000 | H71: 1.5 | I71: 1 | N71: =I71+J71+K71+L71+M71 -> 1 | O71: =E71*N71 -> 4000
B72: 티칸 페퍼민트 | C72: 1box=10pack | D72: pack | E72: 4000 | F72: 1 | G72: 4000 | H72: 1.8 | I72: 1 | N72: =I72+J72+K72+L72+M72 -> 1 | O72: =E72*N72 -> 4000
B73: 티칸 루이보스오렌지 | C73: 1box=10pack | D73: pack | E73: 4000 | F73: 1 | G73: 4000 | H73: 2.5 | K73: 1 | N73: =I73+J73+K73+L73+M73 -> 1 | O73: =E73*N73 -> 4000
B74: 티칸 잉글리쉬블랙퍼스트 | C74: 1box=10pack | D74: pack | E74: 4300 | F74: 1 | G74: 4300 | H74: 1 | I74: 1 | N74: =I74+J74+K74+L74+M74 -> 1 | O74: =E74*N74 -> 4300
E75: =SUM(E5:E74) -> 334992.21 | F75: =SUM(F5:F74) -> 76679 | G75: =SUM(G5:G74) -> 3552570 | H75: =SUM(H5:H74) -> 4718.8 | I75: =SUM(I5:I74) -> 6738 | J75: =SUM(J5:J74) -> 1533 | K75: =SUM(K5:K74) -> 1140 | L75: =SUM(L5:L74) -> 2925 | ... O75: =SUM(O5:O74) -> 1421910

Sheet 학생회관
A1: 카페 쿠피 11월 발주 관리 대장 (학생회관)
A4: 협력사 | B4: 품목명 | C4: 규격 | D4: 단위 | E4: 입고단가 | F4: 입고단위 | G4: 입고단위단가 | H4: 전월 재고 | I4: 1주차 발주 | J4: 2주차 발주 | K4: 3주차 발주 | L4: 4주차 발주 | M4: 5주차 발주 | N4: 월 발주량 | O4: 월 발주 금액
A5: 비스토리코리아 | B5: 종이컵(-12oz) | C5: 1box=1000ea | D5: ea | E5: 37 | F5: 1000 | G5: 37000 | N5: =I5+J5+K5+L5+M5 -> 0 | O5: =E5*N5 -> 0
B6: 종이컵-16oz | C6: 1box=1000ea | D6: ea | E6: 43 | F6: 1000 | G6: 43000 | H6: 300 | J6: 1000 | N6: =I6+J6+K6+L6+M6 -> 1000 | O6: =E6*N6 -> 43000
B7: 종이컵뚜껑 (12,16oz) | C7: 1box=1000ea | D7: ea | E7: 20 | F7: 1000 | G7: 20000 | H7: 300 | I7: 1000 | N7: =I7+J7+K7+L7+M7 -> 1000 | O7: =E7*N7 -> 20000
B8: 아이스(페트)컵(14oz) | C8: 1box=1000ea | D8: ea | E8: 42 | F8: 1000 | G8: 42000 | N8: =I8+J8+K8+L8+M8 -> 0 | O8: =E8*N8 -> 0
B9: 아이스컵(16oz) | C9: 1box=1000ea | D9: ea | E9: 53 | F9: 1000 | G9: 53000 | H9: 650 | J9: 1000 | N9: =I9+J9+K9+L9+M9 -> 1000 | O9: =E9*N9 -> 53000
B10: 아이스컵(24oz) | C10: 1box=1000ea | D10: ea | E10: 65 | F10: 1000 | G10: 65000 | H10: 200 | I10: 1000 | N10: =I10+J10+K10+L10+M10 -> 1000 | O10: =E10*N10 -> 65000
B11: 아이스컵 돔뚜껑(93Ø) | C11: 1box=1000ea | D11: ea | E11: 18.5 | F11: 1000 | G11: 18500 | H11: 1100 | L11: 1000 | N11: =I11+J11+K11+L11+M11 -> 1000 | O11: =E11*N11 -> 18500
B12: 아이스컵 돔뚜껑(98Ø) | C12: 1box=1000ea | D12: ea | E12: 20 | F12: 1000 | G12: 20000 | H12: 900 | N12: =I12+J12+K12+L12+M12 -> 0 | O12: =E12*N12 -> 0
B13: 아이스컵 평뚜껑(98Ø) | C13: 1box=1000ea | D13: ea | E13: 19 | F13: 1000 | G13: 19000 | N13: =I13+J13+K13+L13+M13 -> 0 | O13: =E13*N13 -> 0
B14: 10/13홀더 (1도인쇄) | C14: 1box=1000ea | D14: ea | E14: 17.5 | F14: 1000 | G14: 17500 | N14: =I14+J14+K14+L14+M14 -> 0 | O14: =E14*N14 -> 0
B15: 12/16홀더(1도인쇄) | C15: 1box=1000ea | D15: ea | E15: 18 | F15: 1000 | G15: 18000 | J15: 1000 | L15: 1000 | N15: =I15+J15+K15+L15+M15 -> 2000 | O15: =E15*N15 -> 36000
B16: 21cm 일자 스트로우 (투명) | C16: 1box=10000ea | D16: ea | E16: 6.9 | F16: 10000 | G16: 69000 | H16: 500 | J16: 500 | L16: 500 | N16: =I16+J16+K16+L16+M16 -> 1000 | O16: =E16*N16 -> 6900
B17: 21cm 버블티 스트로우 | C17: 1box=3200ea | D17: ea | E17: 22.1875 | F17: 3200 | G17: 71000 | H17: 200 | N17: =I17+J17+K17+L17+M17 -> 0 | O17: =E17*N17 -> 0
B18: 25cm 일자 스트로우 (블랙) | C18: 1box=10000ea | D18: ea | E18: 7.2 | F18: 10000 | G18: 72000 | H18: 500 | J18: 500 | N18: =I18+J18+K18+L18+M18 -> 500 | O18: =E18*N18 -> 3600
B19: 21cm 종이 스트로우 | C19: 1box=5000ea | D19: ea | E19: 18 | F19: 5000 | G19: 90000 | N19: =I19+J19+K19+L19+M19 -> 0 | O19: =E19*N19 -> 0
B20: 21cm 종이 버블 스트로우 | C20: 1box=4000ea | D20: ea | E20: 26.7 | F20: 4000 | G20: 106800 | N20: =I20+J20+K20+L20+M20 -> 0 | O20: =E20*N20 -> 0
B21: 25cm 버블티 스트로우 | C21: 1box=3200ea | D21: ea | E21: 22.8125 | F21: 3200 | G21: 73000 | H21: 200 | N21: =I21+J21+K21+L21+M21 -> 0 | O21: =E21*N21 -> 0
B22: 캐리어 무지(크라프트지) | C22: 1box=200ea | D22: ea | E22: 112.5 | F22: 200 | G22: 22500 | H22: 50 | I22: 200 | N22: =I22+J22+K22+L22+M22 -> 200 | O22: =E22*N22 -> 22500
B23: 갈색무지냅킨 | C23: 1box=8000ea | D23: ea | E23: 3.625 | F23: 8000 | G23: 29000 | H23: 1200 | I23: 8000 | N23: =I23+J23+K23+L23+M23 -> 8000 | O23: =E23*N23 -> 29000
B24: 커피머신세정제 | C24: 1ea | D24: kg | E24: 12000 | F24: 1 | G24: 12000 | N24: =I24+J24+K24+L24+M24 -> 0 | O24: =E24*N24 -> 0
B25: 15cm 개별포장커피스틱 | C25: 1box=10000ea | D25: ea | E25: 6.4 | F25: 10000 | G25: 64000 | N25: =I25+J25+K25+L25+M25 -> 0 | O25: =E25*N25 -> 0
B26: 18cm 개별포장커피스틱 | C26: 1box=10000ea | D26: ea | E26: 6.8 | F26: 10000 | G26: 68000 | N26: =I26+J26+K26+L26+M26 -> 0 | O26: =E26*N26 -> 0
B27: opp 비닐봉투 18*25 | C27: 1pack=200ea | D27: ea | E27: 25 | F27: 200 | G27: 5000 | N27: =I27+J27+K27+L27+M27 -> 0 | O27: =E27*N27 -> 0
B28: 콤부차오리지날 | C28: 1box=12ea | D28: ea | E28: 2100 | F28: 12 | G28: 25200 | N28: =I28+J28+K28+L28+M28 -> 0 | O28: =E28*N28 -> 0
B29: 콤부차진저레몬 | C29: 1box=12ea | D29: ea | E29: 2100 | F29: 12 | G29: 25200 | N29: =I29+J29+K29+L29+M29 -> 0 | O29: =E29*N29 -> 0
B30: 콤부차석류 | C30: 1box=12ea | D30: ea | E30: 2100 | F30: 12 | G30: 25200 | N30: =I30+J30+K30+L30+M30 -> 0 | O30: =E30*N30 -> 0
B31: 슈가시럽 | C31: 1box=6ea | D31: ea | E31: 2800 | F31: 6 | G31: 16800 | N31: =I31+J31+K31+L31+M31 -> 0 | O31: =E31*N31 -> 0
B32: 슈가시럽(24년인상) | C32: 1box=6ea | D32: ea | E32: 3200 | F32: 6 | G32: 19200 | I32: 1 | J32: 1 | K32: 1 | L32: 1 | N32: =I32+J32+K32+L32+M32 -> 4 | O32: =E32*N32 -> 12800
B33: 삼다수 | C33: 1box=20ea | D33: ea | E33: 410 | F33: 20 | G33: 8200 | N33: =I33+J33+K33+L33+M33 -> 0 | O33: =E33*N33 -> 0
B34: 립톤 복숭아파우더(907g) | C34: 1box=12ea | D34: ea | E34: 7200 | F34: 12 | G34: 86400 | N34: =I34+J34+K34+L34+M34 -> 0 | O34: =E34*N34 -> 0
B35: 립톤 복숭아파우더(907g)(24년인상) | C35: 1box=12ea | D35: ea | E35: 7700 | F35: 12 | G35: 92400 | H35: 10 | J35: 4 | N35: =I35+J35+K35+L35+M35 -> 4 | O35: =E35*N35 -> 30800
B36: 초정탄산수(1.5L) | C36: 1box=12ea | D36: ea | E36: 1350 | F36: 12 | G36: 16200 | H36: 5 | J36: 3 | K36: 1 | N36: =I36+J36+K36+L36+M36 -> 4 | O36: =E36*N36 -> 5400
B37: 메티에 바닐라시럽(700ml) | C37: 1box=8ea | D37: ea | E37: 6870 | F37: 8 | G37: 54960 | N37: =I37+J37+K37+L37+M37 -> 0 | O37: =E37*N37 -> 0
B38: 메티에 헤이즐럿시럽(700ml) | C38: 1box=8ea | D38: ea | E38: 6870 | F38: 8 | G38: 54960 | N38: =I38+J38+K38+L38+M38 -> 0 | O38: =E38*N38 -> 0
B39: 메티에 바닐라시럽(750ml) | C39: 1box=8ea | D39: ea | E39: 7360 | F39: 8 | G39: 58880 | H39: 3 | I39: 1 | J39: 2 | K39: 1 | L39: 2 | N39: =I39+J39+K39+L39+M39 -> 6 | O39: =E39*N39 -> 44160
B40: 메티에 헤이즐럿시럽(750ml) | C40: 1box=8ea | D40: ea | E40: 7360 | F40: 8 | G40: 58880 | H40: 1 | J40: 2 | N40: =I40+J40+K40+L40+M40 -> 2 | O40: =E40*N40 -> 14720
A41: 성원애드피아 | B41: 적립쿠폰 | C41: 1bundle=500ea | D41: ea | E41: 6.4 | F41: 500 | G41: 3200 | J41: 200 | N41: =I41+J41+K41+L41+M41 -> 200 | O41: =E41*N41 -> 1280
B42: 유통기한 스티커 | C42: 1bundle=1000ea | D42: ea | E42: 4.69 | F42: 1000 | G42: 4690 | L42: 100 | N42: =I42+J42+K42+L42+M42 -> 100 | O42: =E42*N42 -> 469
A43: 휴럼 | B43: 민트초코파우더 | C43: 1box = 12ea | D43: ea | E43: 7700 | F43: 12 | G43: 92400 | H43: 1 | J43: 1 | K43: 1 | N43: =I43+J43+K43+L43+M43 -> 2 | O43: =E43*N43 -> 15400
B44: 다크초코파우더 | C44: 1box = 12ea | D44: ea | E44: 6200 | F44: 12 | G44: 74400 | H44: 2 | J44: 1 | K44: 1 | L44: 1 | N44: =I44+J44+K44+L44+M44 -> 3 | O44: =E44*N44 -> 18600
B45: 청귤베이스 | C45: 1box = 12ea | D45: ea | E45: 6700 | F45: 12 | G45: 80400 | I45: 1 | J45: 1 | K45: 1 | N45: =I45+J45+K45+L45+M45 -> 3 | O45: =E45*N45 -> 20100
B46: 요거에스플레인 | C46: 1box=12ea | D46: ea | E46: 7250 | F46: 12 | G46: 87000 | H46: 1 | I46: 1 | J46: 1 | K46: 1 | N46: =I46+J46+K46+L46+M46 -> 3 | O46: =E46*N46 -> 21750
B47: 흑당베이스 | C47: 1kg x 12ea | D47: ea | E47: 5300 | F47: 12 | G47: 63600 | J47: 1 | K47: 1 | N47: =I47+J47+K47+L47+M47 -> 2 | O47: =E47*N47 -> 10600
B48: 쿠키앤크림 파우더 | C48: 1kg x 12ea | D48: ea | E48: 6600 | F48: 12 | G48: 79200 | I48: 1 | J48: 1 | N48: =I48+J48+K48+L48+M48 -> 2 | O48: =E48*N48 -> 13200
B49: 자몽 베이스 | C49: 1.8kg x 6ea | D49: ea | E49: 14500 | F49: 6 | G49: 87000 | H49: 1 | J49: 1 | K49: 1 | N49: =I49+J49+K49+L49+M49 -> 2 | O49: =E49*N49 -> 29000
B50: 수박 베이스 | C50: 1.8kg x 6ea | D50: ea | E50: 11000 | F50: 6 | G50: 66000 | H50: 1 | N50: =I50+J50+K50+L50+M50 -> 0 | O50: =E50*N50 -> 0
B51: 자두 스무디 | C51: 1.8kg x 6ea | D51: ea | E51: 7000 | F51: 6 | G51: 42000 | H51: 1 | K51: 1 | L51: 1 | N51: =I51+J51+K51+L51+M51 -> 2 | O51: =E51*N51 -> 14000
B52: 크림소다 베이스 | C52: 1.8kg x 6ea | D52: ea | E52: 9000 | F52: 6 | G52: 54000 | H52: 1 | N52: =I52+J52+K52+L52+M52 -> 0 | O52: =E52*N52 -> 0
B53: 제주하늘 말차 파우더 (24년 추가) | C53: 500g * 12ea | D53: ea | E53: 5300 | F53: 12 | G53: =F53*E53 -> 63600 | H53: 1 | I53: 1 | J53: 1 | K53: 1 | L53: 1 | N53: =I53+J53+K53+L53+M53 -> 4 | O53: =E53*N53 -> 21200
B54: 공주밤 베이스 파우더 (24년 추가) | C54: 1kg x 12ea | D54: ea | E54: 7900 | F54: 12 | G54: =F54*E54 -> 94800 | L54: 2 | N54: =I54+J54+K54+L54+M54 -> 2 | O54: =E54*N54 -> 15800
B55: 피스타치오 파우더 (24년 추가) | C55: 1kg x 12ea | D55: ea | E55: 8400 | F55: 12 | G55: =F55*E55 -> 100800 | L55: 2 | N55: =I55+J55+K55+L55+M55 -> 2 | O55: =E55*N55 -> 16800
B56: 17곡 파우더 | C56: 1kg x 12ea | D56: ea | E56: 4500 | F56: 12 | G56: 54000 | H56: 2 | J56: 1 | N56: =I56+J56+K56+L56+M56 -> 1 | O56: =E56*N56 -> 4500
B57: 토피넛파우더 | C57: 1box=12ea | D57: ea | E57: 6700 | F57: 12 | G57: 80400 | I57: 1 | J57: 1 | L57: 1 | N57: =I57+J57+K57+L57+M57 -> 3 | O57: =E57*N57 -> 20100
A58: 세미기업 | B58: 딸기스무디 원액 | C58: 1.8kg x 6ea | D58: ea | E58: 6900 | F58: 6 | G58: 41400 | H58: 1 | J58: 1 | K58: 1 | N58: =I58+J58+K58+L58+M58 -> 2 | O58: =E58*N58 -> 13800
B59: 망고스무디 원액 | C59: 1.8kg x 6ea | D59: ea | E59: 6900 | F59: 6 | G59: 41400 | H59: 2 | N59: =I59+J59+K59+L59+M59 -> 0 | O59: =E59*N59 -> 0
B60: 베리믹스스무디 원액 | C60: 1.8kg x 6ea | D60: ea | E60: 6800 | F60: 6 | G60: 40800 | H60: 1 | J60: 1 | K60: 1 | N60: =I60+J60+K60+L60+M60 -> 2 | O60: =E60*N60 -> 13600
B61: 베버시티 레몬에이드 | C61: 1kg x 4ea | D61: ea | E61: 15000 | F61: 4 | G61: 60000 | H61: 1 | I61: 1 | J61: 3 | K61: 1 | L61: 1 | N61: =I61+J61+K61+L61+M61 -> 6 | O61: =E61*N61 -> 90000
B62: 녹차라떼 | C62: 500g x 6ea | D62: ea | E62: 5300 | F62: 6 | G62: 31800 | N62: =I62+J62+K62+L62+M62 -> 0 | O62: =E62*N62 -> 0
B63: 홍차라떼 | C63: 500g x 6ea | D63: ea | E63: 6600 | F63: 6 | G63: 39600 | I63: 1 | J63: 1 | N63: =I63+J63+K63+L63+M63 -> 2 | O63: =E63*N63 -> 13200
B64: 고구마페이스트 | C64: 1kg x 10ea | D64: ea | E64: 5600 | F64: 10 | G64: 56000 | N64: =I64+J64+K64+L64+M64 -> 0 | O64: =E64*N64 -> 0
B65: 군고구마 베이스 (24년 추가) | C65: 1kg x 6ea | D65: ea | E65: 7000 | F65: 6 | G65: =F65*E65 -> 42000 | H65: 1 | J65: 1 | N65: =I65+J65+K65+L65+M65 -> 1 | O65: =E65*N65 -> 7000
B66: 토라니 초코소스 | C66: 1.89L x 4ea | D66: ea | E66: 14100 | F66: 4 | G66: 56400 | J66: 1 | L66: 1 | N66: =I66+J66+K66+L66+M66 -> 2 | O66: =E66*N66 -> 28200
B67: 토라니 카라멜소스 | C67: 1.89L x 4ea | D67: ea | E67: 15100 | F67: 4 | G67: 60400 | J67: 1 | N67: =I67+J67+K67+L67+M67 -> 1 | O67: =E67*N67 -> 15100
B68: 베버시티 청포도에이드 | C68: 1kg x 4ea | D68: ea | E68: 15300 | F68: 4 | G68: 61200 | H68: 1 | J68: 1 | N68: =I68+J68+K68+L68+M68 -> 1 | O68: =E68*N68 -> 15300
A69: 손맛커피 | B69: 신규 원두 | C69: 1box=10kg | D69: ea | E69: 11000 | F69: 10 | G69: 110000 | H69: 12 | I69: 10 | J69: 10 | K69: 10 | L69: 7 | N69: =I69+J69+K69+L69+M69 -> 37 | O69: =E69*N69 -> 407000
B70: 디카페인 원두 | C70: 1box=10kg | D70: ea | E70: 19000 | F70: 10 | G70: 190000 | H70: 2 | J70: 1 | L70: 1 | N70: =I70+J70+K70+L70+M70 -> 2 | O70: =E70*N70 -> 38000
A71: 성유엔터프라이즈 | B71: 티칸 캐모마일 | C71: 1box=10pack | D71: pack | E71: 4000 | F71: 1 | G71: 4000 | H71: 0.55 | I71: 1 | J71: 1 | K71: 1 | N71: =I71+J71+K71+L71+M71 -> 3 | O71: =E71*N71 -> 12000
B72: 티칸 페퍼민트 | C72: 1box=10pack | D72: pack | E72: 4000 | F72: 1 | G72: 4000 | H72: 0.85 | I72: 1 | K72: 1 | N72: =I72+J72+K72+L72+M72 -> 2 | O72: =E72*N72 -> 8000
B73: 티칸 루이보스오렌지 | C73: 1box=10pack | D73: pack | E73: 4000 | F73: 1 | G73: 4000 | H73: 1.6 | L73: 1 | N73: =I73+J73+K73+L73+M73 -> 1 | O73: =E73*N73 -> 4000
B74: 티칸 잉글리쉬블랙퍼스트 | C74: 1box=10pack | D74: pack | E74: 4300 | F74: 1 | G74: 4300 | H74: 0.6 | I74: 1 | J74: 1 | N74: =I74+J74+K74+L74+M74 -> 2 | O74: =E74*N74 -> 8600
E75: =SUM(E5:E74) -> 334992.21 | F75: =SUM(F5:F74) -> 76679 | G75: =SUM(G5:G74) -> 3552570 | H75: =SUM(H5:H74) -> 6154.6 | I75: =SUM(I5:I74) -> 10222 | J75: =SUM(J5:J74) -> 4245 | K75: =SUM(K5:K74) -> 26 | L75: =SUM(L5:L74) -> 2622 | ... O75: =SUM(O5:O74) -> 1301979

Sheet 제2기숙사
A1: 카페 쿠피 11월 발주 관리 대장 (제2기숙사)
A4: 협력사 | B4: 품목명 | C4: 규격 | D4: 단위 | E4: 입고단가 | F4: 입고단위 | G4: 입고단위단가 | H4: 전월 재고 | I4: 1주차 발주 | J4: 2주차 발주 | K4: 3주차 발주 | L4: 4주차 발주 | M4: 5주차 발주 | N4: 월 발주량 | O4: 월 발주 금액
A5: 비스토리코리아 | B5: 종이컵(-12oz) | C5: 1box=1000ea | D5: ea | E5: 37 | F5: 1000 | G5: 37000 | N5: =I5+J5+K5+L5+M5 -> 0 | O5: =E5*N5 -> 0
B6: 종이컵-16oz | C6: 1box=1000ea | D6: ea | E6: 43 | F6: 1000 | G6: 43000 | H6: 200 | N6: =I6+J6+K6+L6+M6 -> 0 | O6: =E6*N6 -> 0
B7: 종이컵뚜껑 (12,16oz) | C7: 1box=1000ea | D7: ea | E7: 20 | F7: 1000 | G7: 20000 | H7: 400 | N7: =I7+J7+K7+L7+M7 -> 0 | O7: =E7*N7 -> 0
B8: 아이스(페트)컵(14oz) | C8: 1box=1000ea | D8: ea | E8: 42 | F8: 1000 | G8: 42000 | N8: =I8+J8+K8+L8+M8 -> 0 | O8: =E8*N8 -> 0
B9: 아이스컵(16oz) | C9: 1box=1000ea | D9: ea | E9: 53 | F9: 1000 | G9: 53000 | H9: 150 | N9: =I9+J9+K9+L9+M9 -> 0 | O9: =E9*N9 -> 0
B10: 아이스컵(24oz) | C10: 1box=1000ea | D10: ea | E10: 65 | F10: 1000 | G10: 65000 | N10: =I10+J10+K10+L10+M10 -> 0 | O10: =E10*N10 -> 0
B11: 아이스컵 돔뚜껑(93Ø) | C11: 1box=1000ea | D11: ea | E11: 18.5 | F11: 1000 | G11: 18500 | H11: 1000 | N11: =I11+J11+K11+L11+M11 -> 0 | O11: =E11*N11 -> 0
B12: 아이스컵 돔뚜껑(98Ø) | C12: 1box=1000ea | D12: ea | E12: 20 | F12: 1000 | G12: 20000 | H12: 1550 | N12: =I12+J12+K12+L12+M12 -> 0 | O12: =E12*N12 -> 0
B13: 아이스컵 평뚜껑(98Ø) | C13: 1box=1000ea | D13: ea | E13: 19 | F13: 1000 | G13: 19000 | N13: =I13+J13+K13+L13+M13 -> 0 | O13: =E13*N13 -> 0
B14: 10/13홀더 (1도인쇄) | C14: 1box=1000ea | D14: ea | E14: 17.5 | F14: 1000 | G14: 17500 | N14: =I14+J14+K14+L14+M14 -> 0 | O14: =E14*N14 -> 0
B15: 12/16홀더(1도인쇄) | C15: 1box=1000ea | D15: ea | E15: 18 | F15: 1000 | G15: 18000 | N15: =I15+J15+K15+L15+M15 -> 0 | O15: =E15*N15 -> 0
B16: 21cm 일자 스트로우 (투명) | C16: 1box=10000ea | D16: ea | E16: 6.9 | F16: 10000 | G16: 69000 | N16: =I16+J16+K16+L16+M16 -> 0 | O16: =E16*N16 -> 0
B17: 21cm 버블티 스트로우 | C17: 1box=3200ea | D17: ea | E17: 22.1875 | F17: 3200 | G17: 71000 | N17: =I17+J17+K17+L17+M17 -> 0 | O17: =E17*N17 -> 0
B18: 25cm 일자 스트로우 (블랙) | C18: 1box=10000ea | D18: ea | E18: 7.2 | F18: 10000 | G18: 72000 | H18: 1000 | N18: =I18+J18+K18+L18+M18 -> 0 | O18: =E18*N18 -> 0
B19: 21cm 종이 스트로우 | C19: 1box=5000ea | D19: ea | E19: 18 | F19: 5000 | G19: 90000 | N19: =I19+J19+K19+L19+M19 -> 0 | O19: =E19*N19 -> 0
B20: 21cm 종이 버블 스트로우 | C20: 1box=4000ea | D20: ea | E20: 26.7 | F20: 4000 | G20: 106800 | N20: =I20+J20+K20+L20+M20 -> 0 | O20: =E20*N20 -> 0
B21: 25cm 버블티 스트로우 | C21: 1box=3200ea | D21: ea | E21: 22.8125 | F21: 3200 | G21: 73000 | H21: 800 | N21: =I21+J21+K21+L21+M21 -> 0 | O21: =E21*N21 -> 0
B22: 캐리어 무지(크라프트지) | C22: 1box=200ea | D22: ea | E22: 112.5 | F22: 200 | G22: 22500 | H22: 150 | N22: =I22+J22+K22+L22+M22 -> 0 | O22: =E22*N22 -> 0
B23: 갈색무지냅킨 | C23: 1box=8000ea | D23: ea | E23: 3.625 | F23: 8000 | G23: 29000 | H23: 1600 | N23: =I23+J23+K23+L23+M23 -> 0 | O23: =E23*N23 -> 0
B24: 커피머신세정제 | C24: 1ea | D24: kg | E24: 12000 | F24: 1 | G24: 12000 | N24: =I24+J24+K24+L24+M24 -> 0 | O24: =E24*N24 -> 0
B25: 15cm 개별포장커피스틱 | C25: 1box=10000ea | D25: ea | E25: 6.4 | F25: 10000 | G25: 64000 | N25: =I25+J25+K25+L25+M25 -> 0 | O25: =E25*N25 -> 0
B26: 18cm 개별포장커피스틱 | C26: 1box=10000ea | D26: ea | E26: 6.8 | F26: 10000 | G26: 68000 | N26: =I26+J26+K26+L26+M26 -> 0 | O26: =E26*N26 -> 0
B27: opp 비닐봉투 18*25 | C27: 1pack=200ea | D27: ea | E27: 25 | F27: 200 | G27: 5000 | N27: =I27+J27+K27+L27+M27 -> 0 | O27: =E27*N27 -> 0
B28: 콤부차오리지날 | C28: 1box=12ea | D28: ea | E28: 2100 | F28: 12 | G28: 25200 | N28: =I28+J28+K28+L28+M28 -> 0 | O28: =E28*N28 -> 0
B29: 콤부차진저레몬 | C29: 1box=12ea | D29: ea | E29: 2100 | F29: 12 | G29: 25200 | N29: =I29+J29+K29+L29+M29 -> 0 | O29: =E29*N29 -> 0
B30: 콤부차석류 | C30: 1box=12ea | D30: ea | E30: 2100 | F30: 12 | G30: 25200 | N30: =I30+J30+K30+L30+M30 -> 0 | O30: =E30*N30 -> 0
B31: 슈가시럽 | C31: 1box=6ea | D31: ea | E31: 2800 | F31: 6 | G31: 16800 | N31: =I31+J31+K31+L31+M31 -> 0 | O31: =E31*N31 -> 0
B32: 슈가시럽(24년인상) | C32: 1box=6ea | D32: ea | E32: 3200 | F32: 6 | G32: 19200 | H32: 4 | N32: =I32+J32+K32+L32+M32 -> 0 | O32: =E32*N32 -> 0
B33: 삼다수 | C33: 1box=20ea | D33: ea | E33: 410 | F33: 20 | G33: 8200 | N33: =I33+J33+K33+L33+M33 -> 0 | O33: =E33*N33 -> 0
B34: 립톤 복숭아파우더(907g) | C34: 1box=12ea | D34: ea | E34: 7200 | F34: 12 | G34: 86400 | N34: =I34+J34+K34+L34+M34 -> 0 | O34: =E34*N34 -> 0
B35: 립톤 복숭아파우더(907g)(24년인상) | C35: 1box=12ea | D35: ea | E35: 7700 | F35: 12 | G35: 92400 | N35: =I35+J35+K35+L35+M35 -> 0 | O35: =E35*N35 -> 0
B36: 초정탄산수(1.5L) | C36: 1box=12ea | D36: ea | E36: 1350 | F36: 12 | G36: 16200 | N36: =I36+J36+K36+L36+M36 -> 0 | O36: =E36*N36 -> 0
B37: 메티에 바닐라시럽(700ml) | C37: 1box=8ea | D37: ea | E37: 6870 | F37: 8 | G37: 54960 | N37: =I37+J37+K37+L37+M37 -> 0 | O37: =E37*N37 -> 0
B38: 메티에 헤이즐럿시럽(700ml) | C38: 1box=8ea | D38: ea | E38: 6870 | F38: 8 | G38: 54960 | N38: =I38+J38+K38+L38+M38 -> 0 | O38: =E38*N38 -> 0
B39: 메티에 바닐라시럽(750ml) | C39: 1box=8ea | D39: ea | E39: 7360 | F39: 8 | G39: 58880 | H39: 2 | N39: =I39+J39+K39+L39+M39 -> 0 | O39: =E39*N39 -> 0
B40: 메티에 헤이즐럿시럽(750ml) | C40: 1box=8ea | D40: ea | E40: 7360 | F40: 8 | G40: 58880 | N40: =I40+J40+K40+L40+M40 -> 0 | O40: =E40*N40 -> 0
A41: 성원애드피아 | B41: 적립쿠폰 | C41: 1bundle=500ea | D41: ea | E41: 6.4 | F41: 500 | G41: 3200 | N41: =I41+J41+K41+L41+M41 -> 0 | O41: =E41*N41 -> 0
B42: 유통기한 스티커 | C42: 1bundle=1000ea | D42: ea | E42: 4.69 | F42: 1000 | G42: 4690 | N42: =I42+J42+K42+L42+M42 -> 0 | O42: =E42*N42 -> 0
A43: 휴럼 | B43: 민트초코파우더 | C43: 1box = 12ea | D43: ea | E43: 7700 | F43: 12 | G43: 92400 | N43: =I43+J43+K43+L43+M43 -> 0 | O43: =E43*N43 -> 0
B44: 다크초코파우더 | C44: 1box = 12ea | D44: ea | E44: 6200 | F44: 12 | G44: 74400 | N44: =I44+J44+K44+L44+M44 -> 0 | O44: =E44*N44 -> 0
B45: 청귤베이스 | C45: 1box = 12ea | D45: ea | E45: 6700 | F45: 12 | G45: 80400 | N45: =I45+J45+K45+L45+M45 -> 0 | O45: =E45*N45 -> 0
B46: 요거에스플레인 | C46: 1box=12ea | D46: ea | E46: 7250 | F46: 12 | G46: 87000 | N46: =I46+J46+K46+L46+M46 -> 0 | O46: =E46*N46 -> 0
B47: 흑당베이스 | C47: 1kg x 12ea | D47: ea | E47: 5300 | F47: 12 | G47: 63600 | N47: =I47+J47+K47+L47+M47 -> 0 | O47: =E47*N47 -> 0
B48: 쿠키앤크림 파우더 | C48: 1kg x 12ea | D48: ea | E48: 6600 | F48: 12 | G48: 79200 | N48: =I48+J48+K48+L48+M48 -> 0 | O48: =E48*N48 -> 0
B49: 자몽 베이스 | C49: 1.8kg x 6ea | D49: ea | E49: 14500 | F49: 6 | G49: 87000 | N49: =I49+J49+K49+L49+M49 -> 0 | O49: =E49*N49 -> 0
B50: 수박 베이스 | C50: 1.8kg x 6ea | D50: ea | E50: 11000 | F50: 6 | G50: 66000 | N50: =I50+J50+K50+L50+M50 -> 0 | O50: =E50*N50 -> 0
B51: 자두 스무디 | C51: 1.8kg x 6ea | D51: ea | E51: 7000 | F51: 6 | G51: 42000 | N51: =I51+J51+K51+L51+M51 -> 0 | O51: =E51*N51 -> 0
B52: 크림소다 베이스 | C52: 1.8kg x 6ea | D52: ea | E52: 9000 | F52: 6 | G52: 54000 | N52: =I52+J52+K52+L52+M52 -> 0 | O52: =E52*N52 -> 0
B53: 제주하늘 말차 파우더 (24년 추가) | C53: 500g * 12ea | D53: ea | E53: 5300 | F53: 12 | G53: =F53*E53 -> 63600 | N53: =I53+J53+K53+L53+M53 -> 0 | O53: =E53*N53 -> 0
B54: 공주밤 베이스 파우더 (24년 추가) | C54: 1kg x 12ea | D54: ea | E54: 7900 | F54: 12 | G54: =F54*E54 -> 94800 | L54: 1 | N54: =I54+J54+K54+L54+M54 -> 1 | O54: =E54*N54 -> 7900
B55: 피스타치오 파우더 (24년 추가) | C55: 1kg x 12ea | D55: ea | E55: 8400 | F55: 12 | G55: =F55*E55 -> 100800 | L55: 1 | N55: =I55+J55+K55+L55+M55 -> 1 | O55: =E55*N55 -> 8400
B56: 17곡 파우더 | C56: 1kg x 12ea | D56: ea | E56: 4500 | F56: 12 | G56: 54000 | H56: 1 | N56: =I56+J56+K56+L56+M56 -> 0 | O56: =E56*N56 -> 0
B57: 토피넛파우더 | C57: 1box=12ea | D57: ea | E57: 6700 | F57: 12 | G57: 80400 | H57: 1 | N57: =I57+J57+K57+L57+M57 -> 0 | O57: =E57*N57 -> 0
A58: 세미기업 | B58: 딸기스무디 원액 | C58: 1.8kg x 6ea | D58: ea | E58: 6900 | F58: 6 | G58: 41400 | N58: =I58+J58+K58+L58+M58 -> 0 | O58: =E58*N58 -> 0
B59: 망고스무디 원액 | C59: 1.8kg x 6ea | D59: ea | E59: 6900 | F59: 6 | G59: 41400 | N59: =I59+J59+K59+L59+M59 -> 0 | O59: =E59*N59 -> 0
B60: 베리믹스스무디 원액 | C60: 1.8kg x 6ea | D60: ea | E60: 6800 | F60: 6 | G60: 40800 | N60: =I60+J60+K60+L60+M60 -> 0 | O60: =E60*N60 -> 0
B61: 베버시티 레몬에이드 | C61: 1kg x 4ea | D61: ea | E61: 15000 | F61: 4 | G61: 60000 | N61: =I61+J61+K61+L61+M61 -> 0 | O61: =E61*N61 -> 0
B62: 녹차라떼 | C62: 500g x 6ea | D62: ea | E62: 5300 | F62: 6 | G62: 31800 | N62: =I62+J62+K62+L62+M62 -> 0 | O62: =E62*N62 -> 0
B63: 홍차라떼 | C63: 500g x 6ea | D63: ea | E63: 6600 | F63: 6 | G63: 39600 | H63: 1 | N63: =I63+J63+K63+L63+M63 -> 0 | O63: =E63*N63 -> 0
B64: 고구마페이스트 | C64: 1kg x 10ea | D64: ea | E64: 5600 | F64: 10 | G64: 56000 | N64: =I64+J64+K64+L64+M64 -> 0 | O64: =E64*N64 -> 0
B65: 군고구마 베이스 (24년 추가) | C65: 1kg x 6ea | D65: ea | E65: 7000 | F65: 6 | G65: =F65*E65 -> 42000 | H65: 1 | N65: =I65+J65+K65+L65+M65 -> 0 | O65: =E65*N65 -> 0
B66: 토라니 초코소스 | C66: 1.89L x 4ea | D66: ea | E66: 14100 | F66: 4 | G66: 56400 | N66: =I66+J66+K66+L66+M66 -> 0 | O66: =E66*N66 -> 0
B67: 토라니 카라멜소스 | C67: 1.89L x 4ea | D67: ea | E67: 15100 | F67: 4 | G67: 60400 | N67: =I67+J67+K67+L67+M67 -> 0 | O67: =E67*N67 -> 0
B68: 베버시티 청포도에이드 | C68: 1kg x 4ea | D68: ea | E68: 15300 | F68: 4 | G68: 61200 | N68: =I68+J68+K68+L68+M68 -> 0 | O68: =E68*N68 -> 0
A69: 손맛커피 | B69: 신규 원두 | C69: 1box=10kg | D69: ea | E69: 11000 | F69: 10 | G69: 110000 | H69: 5 | N69: =I69+J69+K69+L69+M69 -> 0 | O69: =E69*N69 -> 0
B70: 디카페인 원두 | C70: 1box=10kg | D70: ea | E70: 19000 | F70: 10 | G70: 190000 | N70: =I70+J70+K70+L70+M70 -> 0 | O70: =E70*N70 -> 0
A71: 성유엔터프라이즈 | B71: 티칸 캐모마일 | C71: 1box=10pack | D71: pack | E71: 4000 | F71: 1 | G71: 4000 | H71: 1.2 | N71: =I71+J71+K71+L71+M71 -> 0 | O71: =E71*N71 -> 0
B72: 티칸 페퍼민트 | C72: 1box=10pack | D72: pack | E72: 4000 | F72: 1 | G72: 4000 | H72: 1 | N72: =I72+J72+K72+L72+M72 -> 0 | O72: =E72*N72 -> 0
B73: 티칸 루이보스오렌지 | C73: 1box=10pack | D73: pack | E73: 4000 | F73: 1 | G73: 4000 | N73: =I73+J73+K73+L73+M73 -> 0 | O73: =E73*N73 -> 0
B74: 티칸 잉글리쉬블랙퍼스트 | C74: 1box=10pack | D74: pack | E74: 4300 | F74: 1 | G74: 4300 | N74: =I74+J74+K74+L74+M74 -> 0 | O74: =E74*N74 -> 0
E75: =SUM(E5:E74) -> 334992.21 | F75: =SUM(F5:F74) -> 76679 | G75: =SUM(G5:G74) -> 3552570 | H75: =SUM(H5:H74) -> 6867.2 | I75: =SUM(I5:I74) -> 0 | J75: =SUM(J5:J74) -> 0 | K75: =SUM(K5:K74) -> 0 | L75: =SUM(L5:L74) -> 2 | ... O75: =SUM(O5:O74) -> 16300

Sheet 멀티미디어관
A1: 카페 쿠피 11월 발주 관리 대장 (멀티미디어관)
A4: 협력사 | B4: 품목명 | C4: 규격 | D4: 단위 | E4: 입고단가 | F4: 입고단위 | G4: 입고단위단가 | H4: 전월 재고 | I4: 1주차 발주 | J4: 2주차 발주 | K4: 3주차 발주 | L4: 4주차 발주 | M4: 5주차 발주 | N4: 월 발주량 | O4: 월 발주 금액
A5: 비스토리코리아 | B5: 종이컵(-12oz) | C5: 1box=1000ea | D5: ea | E5: 37 | F5: 1000 | G5: 37000 | N5: =I5+J5+K5+L5+M5 -> 0 | O5: =E5*N5 -> 0
B6: 종이컵-16oz | C6: 1box=1000ea | D6: ea | E6: 43 | F6: 1000 | G6: 43000 | H6: 1100 | L6: 1000 | N6: =I6+J6+K6+L6+M6 -> 1000 | O6: =E6*N6 -> 43000
B7: 종이컵뚜껑 (12,16oz) | C7: 1box=1000ea | D7: ea | E7: 20 | F7: 1000 | G7: 20000 | H7: 1400 | N7: =I7+J7+K7+L7+M7 -> 0 | O7: =E7*N7 -> 0
B8: 아이스(페트)컵(14oz) | C8: 1box=1000ea | D8: ea | E8: 42 | F8: 1000 | G8: 42000 | N8: =I8+J8+K8+L8+M8 -> 0 | O8: =E8*N8 -> 0
B9: 아이스컵(16oz) | C9: 1box=1000ea | D9: ea | E9: 53 | F9: 1000 | G9: 53000 | H9: 1800 | L9: 1000 | N9: =I9+J9+K9+L9+M9 -> 1000 | O9: =E9*N9 -> 53000
B10: 아이스컵(24oz) | C10: 1box=1000ea | D10: ea | E10: 65 | F10: 1000 | G10: 65000 | H10: 1200 | N10: =I10+J10+K10+L10+M10 -> 0 | O10: =E10*N10 -> 0
B11: 아이스컵 돔뚜껑(93Ø) | C11: 1box=1000ea | D11: ea | E11: 18.5 | F11: 1000 | G11: 18500 | H11: 850 | K11: 1000 | N11: =I11+J11+K11+L11+M11 -> 1000 | O11: =E11*N11 -> 18500
B12: 아이스컵 돔뚜껑(98Ø) | C12: 1box=1000ea | D12: ea | E12: 20 | F12: 1000 | G12: 20000 | H12: 400 | I12: 1000 | N12: =I12+J12+K12+L12+M12 -> 1000 | O12: =E12*N12 -> 20000
B13: 아이스컵 평뚜껑(98Ø) | C13: 1box=1000ea | D13: ea | E13: 19 | F13: 1000 | G13: 19000 | N13: =I13+J13+K13+L13+M13 -> 0 | O13: =E13*N13 -> 0
B14: 10/13홀더 (1도인쇄) | C14: 1box=1000ea | D14: ea | E14: 17.5 | F14: 1000 | G14: 17500 | N14: =I14+J14+K14+L14+M14 -> 0 | O14: =E14*N14 -> 0
B15: 12/16홀더(1도인쇄) | C15: 1box=1000ea | D15: ea | E15: 18 | F15: 1000 | G15: 18000 | H15: 1000 | J15: 1000 | L15: 1000 | N15: =I15+J15+K15+L15+M15 -> 2000 | O15: =E15*N15 -> 36000
B16: 21cm 일자 스트로우 (투명) | C16: 1box=10000ea | D16: ea | E16: 6.9 | F16: 10000 | G16: 69000 | N16: =I16+J16+K16+L16+M16 -> 0 | O16: =E16*N16 -> 0
B17: 21cm 버블티 스트로우 | C17: 1box=3200ea | D17: ea | E17: 22.1875 | F17: 3200 | G17: 71000 | N17: =I17+J17+K17+L17+M17 -> 0 | O17: =E17*N17 -> 0
B18: 25cm 일자 스트로우 (블랙) | C18: 1box=10000ea | D18: ea | E18: 7.2 | F18: 10000 | G18: 72000 | H18: 2000 | I18: 500 | L18: 500 | N18: =I18+J18+K18+L18+M18 -> 1000 | O18: =E18*N18 -> 7200
B19: 21cm 종이 스트로우 | C19: 1box=5000ea | D19: ea | E19: 18 | F19: 5000 | G19: 90000 | N19: =I19+J19+K19+L19+M19 -> 0 | O19: =E19*N19 -> 0
B20: 21cm 종이 버블 스트로우 | C20: 1box=4000ea | D20: ea | E20: 26.7 | F20: 4000 | G20: 106800 | N20: =I20+J20+K20+L20+M20 -> 0 | O20: =E20*N20 -> 0
B21: 25cm 버블티 스트로우 | C21: 1box=3200ea | D21: ea | E21: 22.8125 | F21: 3200 | G21: 73000 | H21: 400 | N21: =I21+J21+K21+L21+M21 -> 0 | O21: =E21*N21 -> 0
B22: 캐리어 무지(크라프트지) | C22: 1box=200ea | D22: ea | E22: 112.5 | F22: 200 | G22: 22500 | H22: 250 | N22: =I22+J22+K22+L22+M22 -> 0 | O22: =E22*N22 -> 0
B23: 갈색무지냅킨 | C23: 1box=8000ea | D23: ea | E23: 3.625 | F23: 8000 | G23: 29000 | H23: 2800 | L23: 8000 | N23: =I23+J23+K23+L23+M23 -> 8000 | O23: =E23*N23 -> 29000
B24: 커피머신세정제 | C24: 1ea | D24: kg | E24: 12000 | F24: 1 | G24: 12000 | H24: 1 | N24: =I24+J24+K24+L24+M24 -> 0 | O24: =E24*N24 -> 0
B25: 15cm 개별포장커피스틱 | C25: 1box=10000ea | D25: ea | E25: 6.4 | F25: 10000 | G25: 64000 | N25: =I25+J25+K25+L25+M25 -> 0 | O25: =E25*N25 -> 0
B26: 18cm 개별포장커피스틱 | C26: 1box=10000ea | D26: ea | E26: 6.8 | F26: 10000 | G26: 68000 | N26: =I26+J26+K26+L26+M26 -> 0 | O26: =E26*N26 -> 0
B27: opp 비닐봉투 18*25 | C27: 1pack=200ea | D27: ea | E27: 25 | F27: 200 | G27: 5000 | N27: =I27+J27+K27+L27+M27 -> 0 | O27: =E27*N27 -> 0
B28: 콤부차오리지날 | C28: 1box=12ea | D28: ea | E28: 2100 | F28: 12 | G28: 25200 | H28: 3 | N28: =I28+J28+K28+L28+M28 -> 0 | O28: =E28*N28 -> 0
B29: 콤부차진저레몬 | C29: 1box=12ea | D29: ea | E29: 2100 | F29: 12 | G29: 25200 | H29: 3 | N29: =I29+J29+K29+L29+M29 -> 0 | O29: =E29*N29 -> 0
B30: 콤부차석류 | C30: 1box=12ea | D30: ea | E30: 2100 | F30: 12 | G30: 25200 | H30: 4 | N30: =I30+J30+K30+L30+M30 -> 0 | O30: =E30*N30 -> 0
B31: 슈가시럽 | C31: 1box=6ea | D31: ea | E31: 2800 | F31: 6 | G31: 16800 | N31: =I31+J31+K31+L31+M31 -> 0 | O31: =E31*N31 -> 0
B32: 슈가시럽(24년인상) | C32: 1box=6ea | D32: ea | E32: 3200 | F32: 6 | G32: 19200 | H32: 2 | J32: 1 | N32: =I32+J32+K32+L32+M32 -> 1 | O32: =E32*N32 -> 3200
B33: 삼다수 | C33: 1box=20ea | D33: ea | E33: 410 | F33: 20 | G33: 8200 | H33: 19 | N33: =I33+J33+K33+L33+M33 -> 0 | O33: =E33*N33 -> 0
B34: 립톤 복숭아파우더(907g) | C34: 1box=12ea | D34: ea | E34: 7200 | F34: 12 | G34: 86400 | N34: =I34+J34+K34+L34+M34 -> 0 | O34: =E34*N34 -> 0
B35: 립톤 복숭아파우더(907g)(24년인상) | C35: 1box=12ea | D35: ea | E35: 7700 | F35: 12 | G35: 92400 | H35: 29 | L35: 12 | N35: =I35+J35+K35+L35+M35 -> 12 | O35: =E35*N35 -> 92400
B36: 초정탄산수(1.5L) | C36: 1box=12ea | D36: ea | E36: 1350 | F36: 12 | G36: 16200 | H36: 13 | N36: =I36+J36+K36+L36+M36 -> 0 | O36: =E36*N36 -> 0
B37: 메티에 바닐라시럽(700ml) | C37: 1box=8ea | D37: ea | E37: 6870 | F37: 8 | G37: 54960 | N37: =I37+J37+K37+L37+M37 -> 0 | O37: =E37*N37 -> 0
B38: 메티에 헤이즐럿시럽(700ml) | C38: 1box=8ea | D38: ea | E38: 6870 | F38: 8 | G38: 54960 | N38: =I38+J38+K38+L38+M38 -> 0 | O38: =E38*N38 -> 0
B39: 메티에 바닐라시럽(750ml) | C39: 1box=8ea | D39: ea | E39: 7360 | F39: 8 | G39: 58880 | H39: 4 | I39: 3 | L39: 3 | N39: =I39+J39+K39+L39+M39 -> 6 | O39: =E39*N39 -> 44160
B40: 메티에 헤이즐럿시럽(750ml) | C40: 1box=8ea | D40: ea | E40: 7360 | F40: 8 | G40: 58880 | H40: 2 | L40: 1 | N40: =I40+J40+K40+L40+M40 -> 1 | O40: =E40*N40 -> 7360
A41: 성원애드피아 | B41: 적립쿠폰 | C41: 1bundle=500ea | D41: ea | E41: 6.4 | F41: 500 | G41: 3200 | J41: 100 | N41: =I41+J41+K41+L41+M41 -> 100 | O41: =E41*N41 -> 640
B42: 유통기한 스티커 | C42: 1bundle=1000ea | D42: ea | E42: 4.69 | F42: 1000 | G42: 4690 | N42: =I42+J42+K42+L42+M42 -> 0 | O42: =E42*N42 -> 0
A43: 휴럼 | B43: 민트초코파우더 | C43: 1box = 12ea | D43: ea | E43: 7700 | F43: 12 | G43: 92400 | H43: 2 | N43: =I43+J43+K43+L43+M43 -> 0 | O43: =E43*N43 -> 0
B44: 다크초코파우더 | C44: 1box = 12ea | D44: ea | E44: 6200 | F44: 12 | G44: 74400 | H44: 1 | I44: 2 | J44: 2 | L44: 2 | N44: =I44+J44+K44+L44+M44 -> 6 | O44: =E44*N44 -> 37200
B45: 청귤베이스 | C45: 1box = 12ea | D45: ea | E45: 6700 | F45: 12 | G45: 80400 | I45: 1 | J45: 1 | L45: 1 | N45: =I45+J45+K45+L45+M45 -> 3 | O45: =E45*N45 -> 20100
B46: 요거에스플레인 | C46: 1box=12ea | D46: ea | E46: 7250 | F46: 12 | G46: 87000 | H46: 3 | I46: 1 | J46: 1 | L46: 2 | N46: =I46+J46+K46+L46+M46 -> 4 | O46: =E46*N46 -> 29000
B47: 흑당베이스 | C47: 1kg x 12ea | D47: ea | E47: 5300 | F47: 12 | G47: 63600 | H47: 1 | J47: 1 | N47: =I47+J47+K47+L47+M47 -> 1 | O47: =E47*N47 -> 5300
B48: 쿠키앤크림 파우더 | C48: 1kg x 12ea | D48: ea | E48: 6600 | F48: 12 | G48: 79200 | H48: 2 | N48: =I48+J48+K48+L48+M48 -> 0 | O48: =E48*N48 -> 0
B49: 자몽 베이스 | C49: 1.8kg x 6ea | D49: ea | E49: 14500 | F49: 6 | G49: 87000 | I49: 1 | K49: 1 | N49: =I49+J49+K49+L49+M49 -> 2 | O49: =E49*N49 -> 29000
B50: 수박 베이스 | C50: 1.8kg x 6ea | D50: ea | E50: 11000 | F50: 6 | G50: 66000 | H50: 1 | N50: =I50+J50+K50+L50+M50 -> 0 | O50: =E50*N50 -> 0
B51: 자두 스무디 | C51: 1.8kg x 6ea | D51: ea | E51: 7000 | F51: 6 | G51: 42000 | H51: 2 | N51: =I51+J51+K51+L51+M51 -> 0 | O51: =E51*N51 -> 0
B52: 크림소다 베이스 | C52: 1.8kg x 6ea | D52: ea | E52: 9000 | F52: 6 | G52: 54000 | H52: 1 | N52: =I52+J52+K52+L52+M52 -> 0 | O52: =E52*N52 -> 0
B53: 제주하늘 말차 파우더 (24년 추가) | C53: 500g * 12ea | D53: ea | E53: 5300 | F53: 12 | G53: =F53*E53 -> 63600 | H53: 3 | I53: 2 | N53: =I53+J53+K53+L53+M53 -> 2 | O53: =E53*N53 -> 10600
B54: 공주밤 베이스 파우더 (24년 추가) | C54: 1kg x 12ea | D54: ea | E54: 7900 | F54: 12 | G54: =F54*E54 -> 94800 | L54: 2 | N54: =I54+J54+K54+L54+M54 -> 2 | O54: =E54*N54 -> 15800
B55: 피스타치오 파우더 (24년 추가) | C55: 1kg x 12ea | D55: ea | E55: 8400 | F55: 12 | G55: =F55*E55 -> 100800 | L55: 2 | N55: =I55+J55+K55+L55+M55 -> 2 | O55: =E55*N55 -> 16800
B56: 17곡 파우더 | C56: 1kg x 12ea | D56: ea | E56: 4500 | F56: 12 | G56: 54000 | L56: 1 | N56: =I56+J56+K56+L56+M56 -> 1 | O56: =E56*N56 -> 4500
B57: 토피넛파우더 | C57: 1box=12ea | D57: ea | E57: 6700 | F57: 12 | G57: 80400 | I57: 1 | K57: 1 | L57: 1 | N57: =I57+J57+K57+L57+M57 -> 3 | O57: =E57*N57 -> 20100
A58: 세미기업 | B58: 딸기스무디 원액 | C58: 1.8kg x 6ea | D58: ea | E58: 6900 | F58: 6 | G58: 41400 | H58: 2 | I58: 1 | K58: 1 | L58: 1 | N58: =I58+J58+K58+L58+M58 -> 3 | O58: =E58*N58 -> 20700
B59: 망고스무디 원액 | C59: 1.8kg x 6ea | D59: ea | E59: 6900 | F59: 6 | G59: 41400 | I59: 2 | J59: 1 | L59: 1 | N59: =I59+J59+K59+L59+M59 -> 4 | O59: =E59*N59 -> 27600
B60: 베리믹스스무디 원액 | C60: 1.8kg x 6ea | D60: ea | E60: 6800 | F60: 6 | G60: 40800 | H60: 3 | L60: 1 | N60: =I60+J60+K60+L60+M60 -> 1 | O60: =E60*N60 -> 6800
B61: 베버시티 레몬에이드 | C61: 1kg x 4ea | D61: ea | E61: 15000 | F61: 4 | G61: 60000 | H61: 2 | I61: 3 | L61: 1 | N61: =I61+J61+K61+L61+M61 -> 4 | O61: =E61*N61 -> 60000
B62: 녹차라떼 | C62: 500g x 6ea | D62: ea | E62: 5300 | F62: 6 | G62: 31800 | N62: =I62+J62+K62+L62+M62 -> 0 | O62: =E62*N62 -> 0
B63: 홍차라떼 | C63: 500g x 6ea | D63: ea | E63: 6600 | F63: 6 | G63: 39600 | H63: 2 | J63: 2 | N63: =I63+J63+K63+L63+M63 -> 2 | O63: =E63*N63 -> 13200
B64: 고구마페이스트 | C64: 1kg x 10ea | D64: ea | E64: 5600 | F64: 10 | G64: 56000 | N64: =I64+J64+K64+L64+M64 -> 0 | O64: =E64*N64 -> 0
B65: 군고구마 베이스 (24년 추가) | C65: 1kg x 6ea | D65: ea | E65: 7000 | F65: 6 | G65: =F65*E65 -> 42000 | H65: 2 | I65: 1 | L65: 1 | N65: =I65+J65+K65+L65+M65 -> 2 | O65: =E65*N65 -> 14000
B66: 토라니 초코소스 | C66: 1.89L x 4ea | D66: ea | E66: 14100 | F66: 4 | G66: 56400 | H66: 1 | N66: =I66+J66+K66+L66+M66 -> 0 | O66: =E66*N66 -> 0
B67: 토라니 카라멜소스 | C67: 1.89L x 4ea | D67: ea | E67: 15100 | F67: 4 | G67: 60400 | N67: =I67+J67+K67+L67+M67 -> 0 | O67: =E67*N67 -> 0
B68: 베버시티 청포도에이드 | C68: 1kg x 4ea | D68: ea | E68: 15300 | F68: 4 | G68: 61200 | H68: 2 | N68: =I68+J68+K68+L68+M68 -> 0 | O68: =E68*N68 -> 0
A69: 손맛커피 | B69: 신규 원두 | C69: 1box=10kg | D69: ea | E69: 11000 | F69: 10 | G69: 110000 | H69: 29 | J69: 10 | K69: 12 | L69: 10 | N69: =I69+J69+K69+L69+M69 -> 32 | O69: =E69*N69 -> 352000
B70: 디카페인 원두 | C70: 1box=10kg | D70: ea | E70: 19000 | F70: 10 | G70: 190000 | N70: =I70+J70+K70+L70+M70 -> 0 | O70: =E70*N70 -> 0
A71: 성유엔터프라이즈 | B71: 티칸 캐모마일 | C71: 1box=10pack | D71: pack | E71: 4000 | F71: 1 | G71: 4000 | H71: 1.65 | N71: =I71+J71+K71+L71+M71 -> 0 | O71: =E71*N71 -> 0
B72: 티칸 페퍼민트 | C72: 1box=10pack | D72: pack | E72: 4000 | F72: 1 | G72: 4000 | H72: 1.9 | N72: =I72+J72+K72+L72+M72 -> 0 | O72: =E72*N72 -> 0
B73: 티칸 루이보스오렌지 | C73: 1box=10pack | D73: pack | E73: 4000 | F73: 1 | G73: 4000 | H73: 2.4 | N73: =I73+J73+K73+L73+M73 -> 0 | O73: =E73*N73 -> 0
B74: 티칸 잉글리쉬블랙퍼스트 | C74: 1box=10pack | D74: pack | E74: 4300 | F74: 1 | G74: 4300 | H74: 3.95 | N74: =I74+J74+K74+L74+M74 -> 0 | O74: =E74*N74 -> 0
E75: =SUM(E5:E74) -> 334992.21 | F75: =SUM(F5:F74) -> 76679 | G75: =SUM(G5:G74) -> 3552570 | H75: =SUM(H5:H74) -> 13348.9 | I75: =SUM(I5:I74) -> 1518 | J75: =SUM(J5:J74) -> 1119 | K75: =SUM(K5:K74) -> 1015 | L75: =SUM(L5:L74) -> 11542 | ... O75: =SUM(O5:O74) -> 1037160

Sheet 선승관
A1: 카페 쿠피 11월 발주 관리 대장 (선승관)
A4: 협력사 | B4: 품목명 | C4: 규격 | D4: 단위 | E4: 입고단가 | F4: 입고단위 | G4: 입고단위단가 | H4: 전월 재고 | I4: 1주차 발주 | J4: 2주차 발주 | K4: 3주차 발주 | L4: 4주차 발주 | M4: 5주차 발주 | N4: 월 발주량 | O4: 월 발주 금액
A5: 비스토리코리아 | B5: 종이컵(-12oz) | C5: 1box=1000ea | D5: ea | E5: 37 | F5: 1000 | G5: 37000 | N5: =I5+J5+K5+L5+M5 -> 0 | O5: =E5*N5 -> 0
B6: 종이컵-16oz | C6: 1box=1000ea | D6: ea | E6: 43 | F6: 1000 | G6: 43000 | H6: 800 | N6: =I6+J6+K6+L6+M6 -> 0 | O6: =E6*N6 -> 0
B7: 종이컵뚜껑 (12,16oz) | C7: 1box=1000ea | D7: ea | E7: 20 | F7: 1000 | G7: 20000 | H7: 1000 | N7: =I7+J7+K7+L7+M7 -> 0 | O7: =E7*N7 -> 0
B8: 아이스(페트)컵(14oz) | C8: 1box=1000ea | D8: ea | E8: 42 | F8: 1000 | G8: 42000 | N8: =I8+J8+K8+L8+M8 -> 0 | O8: =E8*N8 -> 0
B9: 아이스컵(16oz) | C9: 1box=1000ea | D9: ea | E9: 53 | F9: 1000 | G9: 53000 | H9: 600 | K9: 1000 | N9: =I9+J9+K9+L9+M9 -> 1000 | O9: =E9*N9 -> 53000
B10: 아이스컵(24oz) | C10: 1box=1000ea | D10: ea | E10: 65 | F10: 1000 | G10: 65000 | H10: 300 | N10: =I10+J10+K10+L10+M10 -> 0 | O10: =E10*N10 -> 0
B11: 아이스컵 돔뚜껑(93Ø) | C11: 1box=1000ea | D11: ea | E11: 18.5 | F11: 1000 | G11: 18500 | H11: 1100 | L11: 1000 | N11: =I11+J11+K11+L11+M11 -> 1000 | O11: =E11*N11 -> 18500
B12: 아이스컵 돔뚜껑(98Ø) | C12: 1box=1000ea | D12: ea | E12: 20 | F12: 1000 | G12: 20000 | H12: 150 | N12: =I12+J12+K12+L12+M12 -> 0 | O12: =E12*N12 -> 0
B13: 아이스컵 평뚜껑(98Ø) | C13: 1box=1000ea | D13: ea | E13: 19 | F13: 1000 | G13: 19000 | N13: =I13+J13+K13+L13+M13 -> 0 | O13: =E13*N13 -> 0
B14: 10/13홀더 (1도인쇄) | C14: 1box=1000ea | D14: ea | E14: 17.5 | F14: 1000 | G14: 17500 | N14: =I14+J14+K14+L14+M14 -> 0 | O14: =E14*N14 -> 0
B15: 12/16홀더(1도인쇄) | C15: 1box=1000ea | D15: ea | E15: 18 | F15: 1000 | G15: 18000 | H15: 1000 | L15: 1000 | N15: =I15+J15+K15+L15+M15 -> 1000 | O15: =E15*N15 -> 18000
B16: 21cm 일자 스트로우 (투명) | C16: 1box=10000ea | D16: ea | E16: 6.9 | F16: 10000 | G16: 69000 | H16: 500 | L16: 500 | N16: =I16+J16+K16+L16+M16 -> 500 | O16: =E16*N16 -> 3450
B17: 21cm 버블티 스트로우 | C17: 1box=3200ea | D17: ea | E17: 22.1875 | F17: 3200 | G17: 71000 | H17: 200 | N17: =I17+J17+K17+L17+M17 -> 0 | O17: =E17*N17 -> 0
B18: 25cm 일자 스트로우 (블랙) | C18: 1box=10000ea | D18: ea | E18: 7.2 | F18: 10000 | G18: 72000 | H18: 500 | N18: =I18+J18+K18+L18+M18 -> 0 | O18: =E18*N18 -> 0
B19: 21cm 종이 스트로우 | C19: 1box=5000ea | D19: ea | E19: 18 | F19: 5000 | G19: 90000 | H19: 500 | N19: =I19+J19+K19+L19+M19 -> 0 | O19: =E19*N19 -> 0
B20: 21cm 종이 버블 스트로우 | C20: 1box=4000ea | D20: ea | E20: 26.7 | F20: 4000 | G20: 106800 | H20: 600 | N20: =I20+J20+K20+L20+M20 -> 0 | O20: =E20*N20 -> 0
B21: 25cm 버블티 스트로우 | C21: 1box=3200ea | D21: ea | E21: 22.8125 | F21: 3200 | G21: 73000 | H21: 200 | N21: =I21+J21+K21+L21+M21 -> 0 | O21: =E21*N21 -> 0
B22: 캐리어 무지(크라프트지) | C22: 1box=200ea | D22: ea | E22: 112.5 | F22: 200 | G22: 22500 | H22: 150 | N22: =I22+J22+K22+L22+M22 -> 0 | O22: =E22*N22 -> 0
B23: 갈색무지냅킨 | C23: 1box=8000ea | D23: ea | E23: 3.625 | F23: 8000 | G23: 29000 | H23: 1200 | N23: =I23+J23+K23+L23+M23 -> 0 | O23: =E23*N23 -> 0
B24: 커피머신세정제 | C24: 1ea | D24: kg | E24: 12000 | F24: 1 | G24: 12000 | N24: =I24+J24+K24+L24+M24 -> 0 | O24: =E24*N24 -> 0
B25: 15cm 개별포장커피스틱 | C25: 1box=10000ea | D25: ea | E25: 6.4 | F25: 10000 | G25: 64000 | N25: =I25+J25+K25+L25+M25 -> 0 | O25: =E25*N25 -> 0
B26: 18cm 개별포장커피스틱 | C26: 1box=10000ea | D26: ea | E26: 6.8 | F26: 10000 | G26: 68000 | N26: =I26+J26+K26+L26+M26 -> 0 | O26: =E26*N26 -> 0
B27: opp 비닐봉투 18*25 | C27: 1pack=200ea | D27: ea | E27: 25 | F27: 200 | G27: 5000 | N27: =I27+J27+K27+L27+M27 -> 0 | O27: =E27*N27 -> 0
B28: 콤부차오리지날 | C28: 1box=12ea | D28: ea | E28: 2100 | F28: 12 | G28: 25200 | H28: 3 | N28: =I28+J28+K28+L28+M28 -> 0 | O28: =E28*N28 -> 0
B29: 콤부차진저레몬 | C29: 1box=12ea | D29: ea | E29: 2100 | F29: 12 | G29: 25200 | H29: 2 | N29: =I29+J29+K29+L29+M29 -> 0 | O29: =E29*N29 -> 0
B30: 콤부차석류 | C30: 1box=12ea | D30: ea | E30: 2100 | F30: 12 | G30: 25200 | H30: 4 | N30: =I30+J30+K30+L30+M30 -> 0 | O30: =E30*N30 -> 0
B31: 슈가시럽 | C31: 1box=6ea | D31: ea | E31: 2800 | F31: 6 | G31: 16800 | N31: =I31+J31+K31+L31+M31 -> 0 | O31: =E31*N31 -> 0
B32: 슈가시럽(24년인상) | C32: 1box=6ea | D32: ea | E32: 3200 | F32: 6 | G32: 19200 | H32: 1 | K32: 1 | N32: =I32+J32+K32+L32+M32 -> 1 | O32: =E32*N32 -> 3200
B33: 삼다수 | C33: 1box=20ea | D33: ea | E33: 410 | F33: 20 | G33: 8200 | H33: 5 | N33: =I33+J33+K33+L33+M33 -> 0 | O33: =E33*N33 -> 0
B34: 립톤 복숭아파우더(907g) | C34: 1box=12ea | D34: ea | E34: 7200 | F34: 12 | G34: 86400 | N34: =I34+J34+K34+L34+M34 -> 0 | O34: =E34*N34 -> 0
B35: 립톤 복숭아파우더(907g)(24년인상) | C35: 1box=12ea | D35: ea | E35: 7700 | F35: 12 | G35: 92400 | H35: 4 | I35: 3 | K35: 5 | L35: 4 | N35: =I35+J35+K35+L35+M35 -> 12 | O35: =E35*N35 -> 92400
B36: 초정탄산수(1.5L) | C36: 1box=12ea | D36: ea | E36: 1350 | F36: 12 | G36: 16200 | H36: 3 | J36: 3 | L36: 2 | N36: =I36+J36+K36+L36+M36 -> 5 | O36: =E36*N36 -> 6750
B37: 메티에 바닐라시럽(700ml) | C37: 1box=8ea | D37: ea | E37: 6870 | F37: 8 | G37: 54960 | N37: =I37+J37+K37+L37+M37 -> 0 | O37: =E37*N37 -> 0
B38: 메티에 헤이즐럿시럽(700ml) | C38: 1box=8ea | D38: ea | E38: 6870 | F38: 8 | G38: 54960 | N38: =I38+J38+K38+L38+M38 -> 0 | O38: =E38*N38 -> 0
B39: 메티에 바닐라시럽(750ml) | C39: 1box=8ea | D39: ea | E39: 7360 | F39: 8 | G39: 58880 | H39: 1 | I39: 1 | K39: 1 | N39: =I39+J39+K39+L39+M39 -> 2 | O39: =E39*N39 -> 14720
B40: 메티에 헤이즐럿시럽(750ml) | C40: 1box=8ea | D40: ea | E40: 7360 | F40: 8 | G40: 58880 | H40: 0 | I40: 1 | J40: 1 | N40: =I40+J40+K40+L40+M40 -> 2 | O40: =E40*N40 -> 14720
A41: 성원애드피아 | B41: 적립쿠폰 | C41: 1bundle=500ea | D41: ea | E41: 6.4 | F41: 500 | G41: 3200 | I41: 100 | N41: =I41+J41+K41+L41+M41 -> 100 | O41: =E41*N41 -> 640
B42: 유통기한 스티커 | C42: 1bundle=1000ea | D42: ea | E42: 4.69 | F42: 1000 | G42: 4690 | N42: =I42+J42+K42+L42+M42 -> 0 | O42: =E42*N42 -> 0
A43: 휴럼 | B43: 민트초코파우더 | C43: 1box = 12ea | D43: ea | E43: 7700 | F43: 12 | G43: 92400 | H43: 1 | N43: =I43+J43+K43+L43+M43 -> 0 | O43: =E43*N43 -> 0
B44: 다크초코파우더 | C44: 1box = 12ea | D44: ea | E44: 6200 | F44: 12 | G44: 74400 | H44: 1 | J44: 1 | K44: 1 | N44: =I44+J44+K44+L44+M44 -> 2 | O44: =E44*N44 -> 12400
B45: 청귤베이스 | C45: 1box = 12ea | D45: ea | E45: 6700 | F45: 12 | G45: 80400 | H45: 1 | L45: 1 | N45: =I45+J45+K45+L45+M45 -> 1 | O45: =E45*N45 -> 6700
B46: 요거에스플레인 | C46: 1box=12ea | D46: ea | E46: 7250 | F46: 12 | G46: 87000 | H46: 1 | I46: 1 | N46: =I46+J46+K46+L46+M46 -> 1 | O46: =E46*N46 -> 7250
B47: 흑당베이스 | C47: 1kg x 12ea | D47: ea | E47: 5300 | F47: 12 | G47: 63600 | H47: 1 | N47: =I47+J47+K47+L47+M47 -> 0 | O47: =E47*N47 -> 0
B48: 쿠키앤크림 파우더 | C48: 1kg x 12ea | D48: ea | E48: 6600 | F48: 12 | G48: 79200 | H48: 1 | N48: =I48+J48+K48+L48+M48 -> 0 | O48: =E48*N48 -> 0
B49: 자몽 베이스 | C49: 1.8kg x 6ea | D49: ea | E49: 14500 | F49: 6 | G49: 87000 | H49: 1 | N49: =I49+J49+K49+L49+M49 -> 0 | O49: =E49*N49 -> 0
B50: 수박 베이스 | C50: 1.8kg x 6ea | D50: ea | E50: 11000 | F50: 6 | G50: 66000 | H50: 1 | N50: =I50+J50+K50+L50+M50 -> 0 | O50: =E50*N50 -> 0
B51: 자두 스무디 | C51: 1.8kg x 6ea | D51: ea | E51: 7000 | F51: 6 | G51: 42000 | H51: 1 | N51: =I51+J51+K51+L51+M51 -> 0 | O51: =E51*N51 -> 0
B52: 크림소다 베이스 | C52: 1.8kg x 6ea | D52: ea | E52: 9000 | F52: 6 | G52: 54000 | H52: 1 | N52: =I52+J52+K52+L52+M52 -> 0 | O52: =E52*N52 -> 0
B53: 제주하늘 말차 파우더 (24년 추가) | C53: 500g * 12ea | D53: ea | E53: 5300 | F53: 12 | G53: =F53*E53 -> 63600 | H53: 2 | J53: 1 | K53: 1 | L53: 1 | N53: =I53+J53+K53+L53+M53 -> 3 | O53: =E53*N53 -> 15900
B54: 공주밤 베이스 파우더 (24년 추가) | C54: 1kg x 12ea | D54: ea | E54: 7900 | F54: 12 | G54: =F54*E54 -> 94800 | L54: 2 | N54: =I54+J54+K54+L54+M54 -> 2 | O54: =E54*N54 -> 15800
B55: 피스타치오 파우더 (24년 추가) | C55: 1kg x 12ea | D55: ea | E55: 8400 | F55: 12 | G55: =F55*E55 -> 100800 | L55: 2 | N55: =I55+J55+K55+L55+M55 -> 2 | O55: =E55*N55 -> 16800
B56: 17곡 파우더 | C56: 1kg x 12ea | D56: ea | E56: 4500 | F56: 12 | G56: 54000 | H56: 1 | K56: 1 | L56: 1 | N56: =I56+J56+K56+L56+M56 -> 2 | O56: =E56*N56 -> 9000
B57: 토피넛파우더 | C57: 1box=12ea | D57: ea | E57: 6700 | F57: 12 | G57: 80400 | H57: 1 | K57: 1 | N57: =I57+J57+K57+L57+M57 -> 1 | O57: =E57*N57 -> 6700
A58: 세미기업 | B58: 딸기스무디 원액 | C58: 1.8kg x 6ea | D58: ea | E58: 6900 | F58: 6 | G58: 41400 | H58: 2 | N58: =I58+J58+K58+L58+M58 -> 0 | O58: =E58*N58 -> 0
B59: 망고스무디 원액 | C59: 1.8kg x 6ea | D59: ea | E59: 6900 | F59: 6 | G59: 41400 | H59: 1 | N59: =I59+J59+K59+L59+M59 -> 0 | O59: =E59*N59 -> 0
B60: 베리믹스스무디 원액 | C60: 1.8kg x 6ea | D60: ea | E60: 6800 | F60: 6 | G60: 40800 | H60: 1 | N60: =I60+J60+K60+L60+M60 -> 0 | O60: =E60*N60 -> 0
B61: 베버시티 레몬에이드 | C61: 1kg x 4ea | D61: ea | E61: 15000 | F61: 4 | G61: 60000 | H61: 2 | L61: 1 | N61: =I61+J61+K61+L61+M61 -> 1 | O61: =E61*N61 -> 15000
B62: 녹차라떼 | C62: 500g x 6ea | D62: ea | E62: 5300 | F62: 6 | G62: 31800 | N62: =I62+J62+K62+L62+M62 -> 0 | O62: =E62*N62 -> 0
B63: 홍차라떼 | C63: 500g x 6ea | D63: ea | E63: 6600 | F63: 6 | G63: 39600 | H63: 0 | I63: 1 | J63: 1 | L63: 1 | N63: =I63+J63+K63+L63+M63 -> 3 | O63: =E63*N63 -> 19800
B64: 고구마페이스트 | C64: 1kg x 10ea | D64: ea | E64: 5600 | F64: 10 | G64: 56000 | N64: =I64+J64+K64+L64+M64 -> 0 | O64: =E64*N64 -> 0
B65: 군고구마 베이스 (24년 추가) | C65: 1kg x 6ea | D65: ea | E65: 7000 | F65: 6 | G65: =F65*E65 -> 42000 | H65: 1 | J65: 1 | N65: =I65+J65+K65+L65+M65 -> 1 | O65: =E65*N65 -> 7000
B66: 토라니 초코소스 | C66: 1.89L x 4ea | D66: ea | E66: 14100 | F66: 4 | G66: 56400 | H66: 1 | N66: =I66+J66+K66+L66+M66 -> 0 | O66: =E66*N66 -> 0
B67: 토라니 카라멜소스 | C67: 1.89L x 4ea | D67: ea | E67: 15100 | F67: 4 | G67: 60400 | H67: 0 | I67: 1 | N67: =I67+J67+K67+L67+M67 -> 1 | O67: =E67*N67 -> 15100
B68: 베버시티 청포도에이드 | C68: 1kg x 4ea | D68: ea | E68: 15300 | F68: 4 | G68: 61200 | H68: 1 | N68: =I68+J68+K68+L68+M68 -> 0 | O68: =E68*N68 -> 0
A69: 손맛커피 | B69: 신규 원두 | C69: 1box=10kg | D69: ea | E69: 11000 | F69: 10 | G69: 110000 | H69: 5 | I69: 4 | J69: 4 | K69: 5 | L69: 6 | N69: =I69+J69+K69+L69+M69 -> 19 | O69: =E69*N69 -> 209000
B70: 디카페인 원두 | C70: 1box=10kg | D70: ea | E70: 19000 | F70: 10 | G70: 190000 | H70: 1 | N70: =I70+J70+K70+L70+M70 -> 0 | O70: =E70*N70 -> 0
A71: 성유엔터프라이즈 | B71: 티칸 캐모마일 | C71: 1box=10pack | D71: pack | E71: 4000 | F71: 1 | G71: 4000 | H71: 1 | L71: 1 | N71: =I71+J71+K71+L71+M71 -> 1 | O71: =E71*N71 -> 4000
B72: 티칸 페퍼민트 | C72: 1box=10pack | D72: pack | E72: 4000 | F72: 1 | G72: 4000 | H72: 0.5 | N72: =I72+J72+K72+L72+M72 -> 0 | O72: =E72*N72 -> 0
B73: 티칸 루이보스오렌지 | C73: 1box=10pack | D73: pack | E73: 4000 | F73: 1 | G73: 4000 | H73: 1 | N73: =I73+J73+K73+L73+M73 -> 0 | O73: =E73*N73 -> 0
B74: 티칸 잉글리쉬블랙퍼스트 | C74: 1box=10pack | D74: pack | E74: 4300 | F74: 1 | G74: 4300 | H74: 1 | N74: =I74+J74+K74+L74+M74 -> 0 | O74: =E74*N74 -> 0
E75: =SUM(E5:E74) -> 334992.21 | F75: =SUM(F5:F74) -> 76679 | G75: =SUM(G5:G74) -> 3552570 | H75: =SUM(H5:H74) -> 8855.5 | I75: =SUM(I5:I74) -> 112 | J75: =SUM(J5:J74) -> 12 | K75: =SUM(K5:K74) -> 1016 | L75: =SUM(L5:L74) -> 2522 | ... O75: =SUM(O5:O74) -> 585830

Sheet 예술디자인대
A1: 카페 쿠피 11월 발주 관리 대장 (예술디자인대)
A4: 협력사 | B4: 품목명 | C4: 규격 | D4: 단위 | E4: 입고단가 | F4: 입고단위 | G4: 입고단위단가 | H4: 전월 재고 | I4: 1주차 발주 | J4: 2주차 발주 | K4: 3주차 발주 | L4: 4주차 발주 | M4: 5주차 발주 | N4: 월 발주량 | O4: 월 발주 금액
A5: 비스토리코리아 | B5: 종이컵(-12oz) | C5: 1box=1000ea | D5: ea | E5: 37 | F5: 1000 | G5: 37000 | N5: =I5+J5+K5+L5+M5 -> 0 | O5: =E5*N5 -> 0
B6: 종이컵-16oz | C6: 1box=1000ea | D6: ea | E6: 43 | F6: 1000 | G6: 43000 | H6: 550 | I6: 1000 | K6: 1000 | N6: =I6+J6+K6+L6+M6 -> 2000 | O6: =E6*N6 -> 86000
B7: 종이컵뚜껑 (12,16oz) | C7: 1box=1000ea | D7: ea | E7: 20 | F7: 1000 | G7: 20000 | H7: 250 | I7: 1000 | K7: 1000 | N7: =I7+J7+K7+L7+M7 -> 2000 | O7: =E7*N7 -> 40000
B8: 아이스(페트)컵(14oz) | C8: 1box=1000ea | D8: ea | E8: 42 | F8: 1000 | G8: 42000 | N8: =I8+J8+K8+L8+M8 -> 0 | O8: =E8*N8 -> 0
B9: 아이스컵(16oz) | C9: 1box=1000ea | D9: ea | E9: 53 | F9: 1000 | G9: 53000 | H9: 1600 | J9: 1000 | K9: 1000 | L9: 1000 | N9: =I9+J9+K9+L9+M9 -> 3000 | O9: =E9*N9 -> 159000
B10: 아이스컵(24oz) | C10: 1box=1000ea | D10: ea | E10: 65 | F10: 1000 | G10: 65000 | H10: 350 | I10: 1000 | J10: 1000 | N10: =I10+J10+K10+L10+M10 -> 2000 | O10: =E10*N10 -> 130000
B11: 아이스컵 돔뚜껑(93Ø) | C11: 1box=1000ea | D11: ea | E11: 18.5 | F11: 1000 | G11: 18500 | H11: 1350 | J11: 1000 | K11: 1000 | L11: 1000 | N11: =I11+J11+K11+L11+M11 -> 3000 | O11: =E11*N11 -> 55500
B12: 아이스컵 돔뚜껑(98Ø) | C12: 1box=1000ea | D12: ea | E12: 20 | F12: 1000 | G12: 20000 | H12: 750 | N12: =I12+J12+K12+L12+M12 -> 0 | O12: =E12*N12 -> 0
B13: 아이스컵 평뚜껑(98Ø) | C13: 1box=1000ea | D13: ea | E13: 19 | F13: 1000 | G13: 19000 | N13: =I13+J13+K13+L13+M13 -> 0 | O13: =E13*N13 -> 0
B14: 10/13홀더 (1도인쇄) | C14: 1box=1000ea | D14: ea | E14: 17.5 | F14: 1000 | G14: 17500 | N14: =I14+J14+K14+L14+M14 -> 0 | O14: =E14*N14 -> 0
B15: 12/16홀더(1도인쇄) | C15: 1box=1000ea | D15: ea | E15: 18 | F15: 1000 | G15: 18000 | H15: 0 | I15: 2000 | J15: 1000 | K15: 2000 | L15: 2000 | N15: =I15+J15+K15+L15+M15 -> 7000 | O15: =E15*N15 -> 126000
B16: 21cm 일자 스트로우 (투명) | C16: 1box=10000ea | D16: ea | E16: 6.9 | F16: 10000 | G16: 69000 | H16: 1500 | J16: 1000 | K16: 500 | L16: 1000 | N16: =I16+J16+K16+L16+M16 -> 2500 | O16: =E16*N16 -> 17250
B17: 21cm 버블티 스트로우 | C17: 1box=3200ea | D17: ea | E17: 22.1875 | F17: 3200 | G17: 71000 | H17: 600 | N17: =I17+J17+K17+L17+M17 -> 0 | O17: =E17*N17 -> 0
B18: 25cm 일자 스트로우 (블랙) | C18: 1box=10000ea | D18: ea | E18: 7.2 | F18: 10000 | G18: 72000 | H18: 500 | J18: 500 | N18: =I18+J18+K18+L18+M18 -> 500 | O18: =E18*N18 -> 3600
B19: 21cm 종이 스트로우 | C19: 1box=5000ea | D19: ea | E19: 18 | F19: 5000 | G19: 90000 | N19: =I19+J19+K19+L19+M19 -> 0 | O19: =E19*N19 -> 0
B20: 21cm 종이 버블 스트로우 | C20: 1box=4000ea | D20: ea | E20: 26.7 | F20: 4000 | G20: 106800 | N20: =I20+J20+K20+L20+M20 -> 0 | O20: =E20*N20 -> 0
B21: 25cm 버블티 스트로우 | C21: 1box=3200ea | D21: ea | E21: 22.8125 | F21: 3200 | G21: 73000 | N21: =I21+J21+K21+L21+M21 -> 0 | O21: =E21*N21 -> 0
B22: 캐리어 무지(크라프트지) | C22: 1box=200ea | D22: ea | E22: 112.5 | F22: 200 | G22: 22500 | H22: 110 | I22: 200 | N22: =I22+J22+K22+L22+M22 -> 200 | O22: =E22*N22 -> 22500
B23: 갈색무지냅킨 | C23: 1box=8000ea | D23: ea | E23: 3.625 | F23: 8000 | G23: 29000 | H23: 2000 | L23: 8000 | N23: =I23+J23+K23+L23+M23 -> 8000 | O23: =E23*N23 -> 29000
B24: 커피머신세정제 | C24: 1ea | D24: kg | E24: 12000 | F24: 1 | G24: 12000 | N24: =I24+J24+K24+L24+M24 -> 0 | O24: =E24*N24 -> 0
B25: 15cm 개별포장커피스틱 | C25: 1box=10000ea | D25: ea | E25: 6.4 | F25: 10000 | G25: 64000 | N25: =I25+J25+K25+L25+M25 -> 0 | O25: =E25*N25 -> 0
B26: 18cm 개별포장커피스틱 | C26: 1box=10000ea | D26: ea | E26: 6.8 | F26: 10000 | G26: 68000 | N26: =I26+J26+K26+L26+M26 -> 0 | O26: =E26*N26 -> 0
B27: opp 비닐봉투 18*25 | C27: 1pack=200ea | D27: ea | E27: 25 | F27: 200 | G27: 5000 | N27: =I27+J27+K27+L27+M27 -> 0 | O27: =E27*N27 -> 0
B28: 콤부차오리지날 | C28: 1box=12ea | D28: ea | E28: 2100 | F28: 12 | G28: 25200 | H28: 6 | N28: =I28+J28+K28+L28+M28 -> 0 | O28: =E28*N28 -> 0
B29: 콤부차진저레몬 | C29: 1box=12ea | D29: ea | E29: 2100 | F29: 12 | G29: 25200 | H29: 15 | N29: =I29+J29+K29+L29+M29 -> 0 | O29: =E29*N29 -> 0
B30: 콤부차석류 | C30: 1box=12ea | D30: ea | E30: 2100 | F30: 12 | G30: 25200 | H30: 17 | N30: =I30+J30+K30+L30+M30 -> 0 | O30: =E30*N30 -> 0
B31: 슈가시럽 | C31: 1box=6ea | D31: ea | E31: 2800 | F31: 6 | G31: 16800 | N31: =I31+J31+K31+L31+M31 -> 0 | O31: =E31*N31 -> 0
B32: 슈가시럽(24년인상) | C32: 1box=6ea | D32: ea | E32: 3200 | F32: 6 | G32: 19200 | H32: 1 | I32: 2 | J32: 1 | K32: 2 | L32: 1 | N32: =I32+J32+K32+L32+M32 -> 6 | O32: =E32*N32 -> 19200
B33: 삼다수 | C33: 1box=20ea | D33: ea | E33: 410 | F33: 20 | G33: 8200 | H33: 9 | I33: 20 | J33: 20 | L33: 20 | N33: =I33+J33+K33+L33+M33 -> 60 | O33: =E33*N33 -> 24600
B34: 립톤 복숭아파우더(907g) | C34: 1box=12ea | D34: ea | E34: 7200 | F34: 12 | G34: 86400 | N34: =I34+J34+K34+L34+M34 -> 0 | O34: =E34*N34 -> 0
B35: 립톤 복숭아파우더(907g)(24년인상) | C35: 1box=12ea | D35: ea | E35: 7700 | F35: 12 | G35: 92400 | H35: 24 | I35: 6 | K35: 8 | L35: 2 | N35: =I35+J35+K35+L35+M35 -> 16 | O35: =E35*N35 -> 123200
B36: 초정탄산수(1.5L) | C36: 1box=12ea | D36: ea | E36: 1350 | F36: 12 | G36: 16200 | H36: 6 | I36: 3 | J36: 4 | K36: 5 | L36: 8 | N36: =I36+J36+K36+L36+M36 -> 20 | O36: =E36*N36 -> 27000
B37: 메티에 바닐라시럽(700ml) | C37: 1box=8ea | D37: ea | E37: 6870 | F37: 8 | G37: 54960 | N37: =I37+J37+K37+L37+M37 -> 0 | O37: =E37*N37 -> 0
B38: 메티에 헤이즐럿시럽(700ml) | C38: 1box=8ea | D38: ea | E38: 6870 | F38: 8 | G38: 54960 | N38: =I38+J38+K38+L38+M38 -> 0 | O38: =E38*N38 -> 0
B39: 메티에 바닐라시럽(750ml) | C39: 1box=8ea | D39: ea | E39: 7360 | F39: 8 | G39: 58880 | H39: 4 | I39: 4 | J39: 4 | K39: 2 | L39: 4 | N39: =I39+J39+K39+L39+M39 -> 14 | O39: =E39*N39 -> 103040
B40: 메티에 헤이즐럿시럽(750ml) | C40: 1box=8ea | D40: ea | E40: 7360 | F40: 8 | G40: 58880 | H40: 1 | I40: 1 | J40: 1 | K40: 1 | L40: 2 | N40: =I40+J40+K40+L40+M40 -> 5 | O40: =E40*N40 -> 36800
A41: 성원애드피아 | B41: 적립쿠폰 | C41: 1bundle=500ea | D41: ea | E41: 6.4 | F41: 500 | G41: 3200 | I41: 100 | J41: 100 | K41: 100 | L41: 100 | N41: =I41+J41+K41+L41+M41 -> 400 | O41: =E41*N41 -> 2560
B42: 유통기한 스티커 | C42: 1bundle=1000ea | D42: ea | E42: 4.69 | F42: 1000 | G42: 4690 | N42: =I42+J42+K42+L42+M42 -> 0 | O42: =E42*N42 -> 0
A43: 휴럼 | B43: 민트초코파우더 | C43: 1box = 12ea | D43: ea | E43: 7700 | F43: 12 | G43: 92400 | H43: 0 | I43: 1 | L43: 1 | N43: =I43+J43+K43+L43+M43 -> 2 | O43: =E43*N43 -> 15400
B44: 다크초코파우더 | C44: 1box = 12ea | D44: ea | E44: 6200 | F44: 12 | G44: 74400 | H44: 1 | I44: 2 | J44: 3 | K44: 3 | L44: 3 | N44: =I44+J44+K44+L44+M44 -> 11 | O44: =E44*N44 -> 68200
B45: 청귤베이스 | C45: 1box = 12ea | D45: ea | E45: 6700 | F45: 12 | G45: 80400 | H45: 1 | I45: 2 | J45: 1 | K45: 1 | L45: 2 | N45: =I45+J45+K45+L45+M45 -> 6 | O45: =E45*N45 -> 40200
B46: 요거에스플레인 | C46: 1box=12ea | D46: ea | E46: 7250 | F46: 12 | G46: 87000 | H46: 3 | J46: 2 | K46: 2 | L46: 1 | N46: =I46+J46+K46+L46+M46 -> 5 | O46: =E46*N46 -> 36250
B47: 흑당베이스 | C47: 1kg x 12ea | D47: ea | E47: 5300 | F47: 12 | G47: 63600 | H47: 1 | K47: 1 | L47: 1 | N47: =I47+J47+K47+L47+M47 -> 2 | O47: =E47*N47 -> 10600
B48: 쿠키앤크림 파우더 | C48: 1kg x 12ea | D48: ea | E48: 6600 | F48: 12 | G48: 79200 | H48: 2 | K48: 1 | N48: =I48+J48+K48+L48+M48 -> 1 | O48: =E48*N48 -> 6600
B49: 자몽 베이스 | C49: 1.8kg x 6ea | D49: ea | E49: 14500 | F49: 6 | G49: 87000 | H49: 2 | I49: 1 | K49: 1 | L49: 1 | N49: =I49+J49+K49+L49+M49 -> 3 | O49: =E49*N49 -> 43500
B50: 수박 베이스 | C50: 1.8kg x 6ea | D50: ea | E50: 11000 | F50: 6 | G50: 66000 | H50: 0 | N50: =I50+J50+K50+L50+M50 -> 0 | O50: =E50*N50 -> 0
B51: 자두 스무디 | C51: 1.8kg x 6ea | D51: ea | E51: 7000 | F51: 6 | G51: 42000 | H51: 2 | I51: 1 | N51: =I51+J51+K51+L51+M51 -> 1 | O51: =E51*N51 -> 7000
B52: 크림소다 베이스 | C52: 1.8kg x 6ea | D52: ea | E52: 9000 | F52: 6 | G52: 54000 | H52: 0 | K52: 1 | N52: =I52+J52+K52+L52+M52 -> 1 | O52: =E52*N52 -> 9000
B53: 제주하늘 말차 파우더 (24년 추가) | C53: 500g * 12ea | D53: ea | E53: 5300 | F53: 12 | G53: =F53*E53 -> 63600 | H53: 2 | I53: 2 | J53: 3 | K53: 2 | L53: 4 | N53: =I53+J53+K53+L53+M53 -> 11 | O53: =E53*N53 -> 58300
B54: 공주밤 베이스 파우더 (24년 추가) | C54: 1kg x 12ea | D54: ea | E54: 7900 | F54: 12 | G54: =F54*E54 -> 94800 | H54: 2 | L54: 2 | N54: =I54+J54+K54+L54+M54 -> 2 | O54: =E54*N54 -> 15800
B55: 피스타치오 파우더 (24년 추가) | C55: 1kg x 12ea | D55: ea | E55: 8400 | F55: 12 | G55: =F55*E55 -> 100800 | H55: 2 | L55: 2 | N55: =I55+J55+K55+L55+M55 -> 2 | O55: =E55*N55 -> 16800
B56: 17곡 파우더 | C56: 1kg x 12ea | D56: ea | E56: 4500 | F56: 12 | G56: 54000 | H56: 2 | J56: 2 | K56: 2 | L56: 1 | N56: =I56+J56+K56+L56+M56 -> 5 | O56: =E56*N56 -> 22500
B57: 토피넛파우더 | C57: 1box=12ea | D57: ea | E57: 6700 | F57: 12 | G57: 80400 | H57: 2 | J57: 2 | K57: 1 | L57: 2 | N57: =I57+J57+K57+L57+M57 -> 5 | O57: =E57*N57 -> 33500
A58: 세미기업 | B58: 딸기스무디 원액 | C58: 1.8kg x 6ea | D58: ea | E58: 6900 | F58: 6 | G58: 41400 | H58: 3 | K58: 2 | L58: 1 | N58: =I58+J58+K58+L58+M58 -> 3 | O58: =E58*N58 -> 20700
B59: 망고스무디 원액 | C59: 1.8kg x 6ea | D59: ea | E59: 6900 | F59: 6 | G59: 41400 | H59: 1 | I59: 1 | J59: 1 | L59: 1 | N59: =I59+J59+K59+L59+M59 -> 3 | O59: =E59*N59 -> 20700
B60: 베리믹스스무디 원액 | C60: 1.8kg x 6ea | D60: ea | E60: 6800 | F60: 6 | G60: 40800 | H60: 1 | I60: 1 | J60: 1 | N60: =I60+J60+K60+L60+M60 -> 2 | O60: =E60*N60 -> 13600
B61: 베버시티 레몬에이드 | C61: 1kg x 4ea | D61: ea | E61: 15000 | F61: 4 | G61: 60000 | H61: 3 | I61: 1 | J61: 1 | K61: 2 | L61: 3 | N61: =I61+J61+K61+L61+M61 -> 7 | O61: =E61*N61 -> 105000
B62: 녹차라떼 | C62: 500g x 6ea | D62: ea | E62: 5300 | F62: 6 | G62: 31800 | N62: =I62+J62+K62+L62+M62 -> 0 | O62: =E62*N62 -> 0
B63: 홍차라떼 | C63: 500g x 6ea | D63: ea | E63: 6600 | F63: 6 | G63: 39600 | H63: 1 | I63: 2 | J63: 2 | K63: 2 | L63: 1 | N63: =I63+J63+K63+L63+M63 -> 7 | O63: =E63*N63 -> 46200
B64: 고구마페이스트 | C64: 1kg x 10ea | D64: ea | E64: 5600 | F64: 10 | G64: 56000 | N64: =I64+J64+K64+L64+M64 -> 0 | O64: =E64*N64 -> 0
B65: 군고구마 베이스 (24년 추가) | C65: 1kg x 6ea | D65: ea | E65: 7000 | F65: 6 | G65: =F65*E65 -> 42000 | H65: 1 | I65: 2 | K65: 1 | L65: 2 | N65: =I65+J65+K65+L65+M65 -> 5 | O65: =E65*N65 -> 35000
B66: 토라니 초코소스 | C66: 1.89L x 4ea | D66: ea | E66: 14100 | F66: 4 | G66: 56400 | H66: 1 | J66: 1 | N66: =I66+J66+K66+L66+M66 -> 1 | O66: =E66*N66 -> 14100
B67: 토라니 카라멜소스 | C67: 1.89L x 4ea | D67: ea | E67: 15100 | F67: 4 | G67: 60400 | K67: 1 | N67: =I67+J67+K67+L67+M67 -> 1 | O67: =E67*N67 -> 15100
B68: 베버시티 청포도에이드 | C68: 1kg x 4ea | D68: ea | E68: 15300 | F68: 4 | G68: 61200 | H68: 2 | L68: 2 | N68: =I68+J68+K68+L68+M68 -> 2 | O68: =E68*N68 -> 30600
A69: 손맛커피 | B69: 신규 원두 | C69: 1box=10kg | D69: ea | E69: 11000 | F69: 10 | G69: 110000 | H69: 10 | I69: 24 | J69: 22 | K69: 16 | L69: 24 | N69: =I69+J69+K69+L69+M69 -> 86 | O69: =E69*N69 -> 946000
B70: 디카페인 원두 | C70: 1box=10kg | D70: ea | E70: 19000 | F70: 10 | G70: 190000 | I70: 1 | J70: 1 | K70: 1 | L70: 3 | N70: =I70+J70+K70+L70+M70 -> 6 | O70: =E70*N70 -> 114000
A71: 성유엔터프라이즈 | B71: 티칸 캐모마일 | C71: 1box=10pack | D71: pack | E71: 4000 | F71: 1 | G71: 4000 | H71: 0.5 | I71: 1 | J71: 2 | K71: 1 | L71: 2 | N71: =I71+J71+K71+L71+M71 -> 6 | O71: =E71*N71 -> 24000
B72: 티칸 페퍼민트 | C72: 1box=10pack | D72: pack | E72: 4000 | F72: 1 | G72: 4000 | H72: 0.5 | I72: 1 | J72: 1 | L72: 1 | N72: =I72+J72+K72+L72+M72 -> 3 | O72: =E72*N72 -> 12000
B73: 티칸 루이보스오렌지 | C73: 1box=10pack | D73: pack | E73: 4000 | F73: 1 | G73: 4000 | H73: 0.5 | I73: 1 | J73: 1 | L73: 2 | N73: =I73+J73+K73+L73+M73 -> 4 | O73: =E73*N73 -> 16000
B74: 티칸 잉글리쉬블랙퍼스트 | C74: 1box=10pack | D74: pack | E74: 4300 | F74: 1 | G74: 4300 | H74: 0.5 | I74: 1 | K74: 1 | L74: 1 | N74: =I74+J74+K74+L74+M74 -> 3 | O74: =E74*N74 -> 12900
E75: =SUM(E5:E74) -> 334992.21 | F75: =SUM(F5:F74) -> 76679 | G75: =SUM(G5:G74) -> 3552570 | H75: =SUM(H5:H74) -> 9690 | I75: =SUM(I5:I74) -> 5381 | J75: =SUM(J5:J74) -> 5676 | K75: =SUM(K5:K74) -> 6660 | L75: =SUM(L5:L74) -> 13200 | ... O75: =SUM(O5:O74) -> 2814800

Sheet 공학관
A1: 카페 쿠피 11월 발주 관리 대장 (공학관)
A4: 협력사 | B4: 품목명 | C4: 규격 | D4: 단위 | E4: 입고단가 | F4: 입고단위 | G4: 입고단위단가 | H4: 전월 재고 | I4: 1주차 발주 | J4: 2주차 발주 | K4: 3주차 발주 | L4: 4주차 발주 | M4: 5주차 발주 | N4: 월 발주량 | O4: 월 발주 금액
A5: 비스토리코리아 | B5: 종이컵(-12oz) | C5: 1box=1000ea | D5: ea | E5: 37 | F5: 1000 | G5: 37000 | N5: =I5+J5+K5+L5+M5 -> 0 | O5: =E5*N5 -> 0
B6: 종이컵-16oz | C6: 1box=1000ea | D6: ea | E6: 43 | F6: 1000 | G6: 43000 | H6: 1050 | N6: =I6+J6+K6+L6+M6 -> 0 | O6: =E6*N6 -> 0
B7: 종이컵뚜껑 (12,16oz) | C7: 1box=1000ea | D7: ea | E7: 20 | F7: 1000 | G7: 20000 | H7: 900 | N7: =I7+J7+K7+L7+M7 -> 0 | O7: =E7*N7 -> 0
B8: 아이스(페트)컵(14oz) | C8: 1box=1000ea | D8: ea | E8: 42 | F8: 1000 | G8: 42000 | N8: =I8+J8+K8+L8+M8 -> 0 | O8: =E8*N8 -> 0
B9: 아이스컵(16oz) | C9: 1box=1000ea | D9: ea | E9: 53 | F9: 1000 | G9: 53000 | H9: 950 | J9: 1000 | N9: =I9+J9+K9+L9+M9 -> 1000 | O9: =E9*N9 -> 53000
B10: 아이스컵(24oz) | C10: 1box=1000ea | D10: ea | E10: 65 | F10: 1000 | G10: 65000 | H10: 650 | N10: =I10+J10+K10+L10+M10 -> 0 | O10: =E10*N10 -> 0
B11: 아이스컵 돔뚜껑(93Ø) | C11: 1box=1000ea | D11: ea | E11: 18.5 | F11: 1000 | G11: 18500 | H11: 900 | J11: 1000 | N11: =I11+J11+K11+L11+M11 -> 1000 | O11: =E11*N11 -> 18500
B12: 아이스컵 돔뚜껑(98Ø) | C12: 1box=1000ea | D12: ea | E12: 20 | F12: 1000 | G12: 20000 | H12: 300 | K12: 1000 | N12: =I12+J12+K12+L12+M12 -> 1000 | O12: =E12*N12 -> 20000
B13: 아이스컵 평뚜껑(98Ø) | C13: 1box=1000ea | D13: ea | E13: 19 | F13: 1000 | G13: 19000 | N13: =I13+J13+K13+L13+M13 -> 0 | O13: =E13*N13 -> 0
B14: 10/13홀더 (1도인쇄) | C14: 1box=1000ea | D14: ea | E14: 17.5 | F14: 1000 | G14: 17500 | N14: =I14+J14+K14+L14+M14 -> 0 | O14: =E14*N14 -> 0
B15: 12/16홀더(1도인쇄) | C15: 1box=1000ea | D15: ea | E15: 18 | F15: 1000 | G15: 18000 | H15: 1000 | J15: 1000 | N15: =I15+J15+K15+L15+M15 -> 1000 | O15: =E15*N15 -> 18000
B16: 21cm 일자 스트로우 (투명) | C16: 1box=10000ea | D16: ea | E16: 6.9 | F16: 10000 | G16: 69000 | N16: =I16+J16+K16+L16+M16 -> 0 | O16: =E16*N16 -> 0
B17: 21cm 버블티 스트로우 | C17: 1box=3200ea | D17: ea | E17: 22.1875 | F17: 3200 | G17: 71000 | N17: =I17+J17+K17+L17+M17 -> 0 | O17: =E17*N17 -> 0
B18: 25cm 일자 스트로우 (블랙) | C18: 1box=10000ea | D18: ea | E18: 7.2 | F18: 10000 | G18: 72000 | H18: 500 | I18: 500 | J18: 1000 | N18: =I18+J18+K18+L18+M18 -> 1500 | O18: =E18*N18 -> 10800
B19: 21cm 종이 스트로우 | C19: 1box=5000ea | D19: ea | E19: 18 | F19: 5000 | G19: 90000 | N19: =I19+J19+K19+L19+M19 -> 0 | O19: =E19*N19 -> 0
B20: 21cm 종이 버블 스트로우 | C20: 1box=4000ea | D20: ea | E20: 26.7 | F20: 4000 | G20: 106800 | N20: =I20+J20+K20+L20+M20 -> 0 | O20: =E20*N20 -> 0
B21: 25cm 버블티 스트로우 | C21: 1box=3200ea | D21: ea | E21: 22.8125 | F21: 3200 | G21: 73000 | H21: 200 | N21: =I21+J21+K21+L21+M21 -> 0 | O21: =E21*N21 -> 0
B22: 캐리어 무지(크라프트지) | C22: 1box=200ea | D22: ea | E22: 112.5 | F22: 200 | G22: 22500 | H22: 20 | J22: 200 | N22: =I22+J22+K22+L22+M22 -> 200 | O22: =E22*N22 -> 22500
B23: 갈색무지냅킨 | C23: 1box=8000ea | D23: ea | E23: 3.625 | F23: 8000 | G23: 29000 | H23: 6800 | N23: =I23+J23+K23+L23+M23 -> 0 | O23: =E23*N23 -> 0
B24: 커피머신세정제 | C24: 1ea | D24: kg | E24: 12000 | F24: 1 | G24: 12000 | N24: =I24+J24+K24+L24+M24 -> 0 | O24: =E24*N24 -> 0
B25: 15cm 개별포장커피스틱 | C25: 1box=10000ea | D25: ea | E25: 6.4 | F25: 10000 | G25: 64000 | N25: =I25+J25+K25+L25+M25 -> 0 | O25: =E25*N25 -> 0
B26: 18cm 개별포장커피스틱 | C26: 1box=10000ea | D26: ea | E26: 6.8 | F26: 10000 | G26: 68000 | N26: =I26+J26+K26+L26+M26 -> 0 | O26: =E26*N26 -> 0
B27: opp 비닐봉투 18*25 | C27: 1pack=200ea | D27: ea | E27: 25 | F27: 200 | G27: 5000 | N27: =I27+J27+K27+L27+M27 -> 0 | O27: =E27*N27 -> 0
B28: 콤부차오리지날 | C28: 1box=12ea | D28: ea | E28: 2100 | F28: 12 | G28: 25200 | N28: =I28+J28+K28+L28+M28 -> 0 | O28: =E28*N28 -> 0
B29: 콤부차진저레몬 | C29: 1box=12ea | D29: ea | E29: 2100 | F29: 12 | G29: 25200 | N29: =I29+J29+K29+L29+M29 -> 0 | O29: =E29*N29 -> 0
B30: 콤부차석류 | C30: 1box=12ea | D30: ea | E30: 2100 | F30: 12 | G30: 25200 | N30: =I30+J30+K30+L30+M30 -> 0 | O30: =E30*N30 -> 0
B31: 슈가시럽 | C31: 1box=6ea | D31: ea | E31: 2800 | F31: 6 | G31: 16800 | N31: =I31+J31+K31+L31+M31 -> 0 | O31: =E31*N31 -> 0
B32: 슈가시럽(24년인상) | C32: 1box=6ea | D32: ea | E32: 3200 | F32: 6 | G32: 19200 | H32: 1 | J32: 1 | N32: =I32+J32+K32+L32+M32 -> 1 | O32: =E32*N32 -> 3200
B33: 삼다수 | C33: 1box=20ea | D33: ea | E33: 410 | F33: 20 | G33: 8200 | N33: =I33+J33+K33+L33+M33 -> 0 | O33: =E33*N33 -> 0
B34: 립톤 복숭아파우더(907g) | C34: 1box=12ea | D34: ea | E34: 7200 | F34: 12 | G34: 86400 | N34: =I34+J34+K34+L34+M34 -> 0 | O34: =E34*N34 -> 0
B35: 립톤 복숭아파우더(907g)(24년인상) | C35: 1box=12ea | D35: ea | E35: 7700 | F35: 12 | G35: 92400 | H35: 8 | I35: 6 | K35: 6 | L35: 6 | N35: =I35+J35+K35+L35+M35 -> 18 | O35: =E35*N35 -> 138600
B36: 초정탄산수(1.5L) | C36: 1box=12ea | D36: ea | E36: 1350 | F36: 12 | G36: 16200 | H36: 2 | I36: 5 | N36: =I36+J36+K36+L36+M36 -> 5 | O36: =E36*N36 -> 6750
B37: 메티에 바닐라시럽(700ml) | C37: 1box=8ea | D37: ea | E37: 6870 | F37: 8 | G37: 54960 | N37: =I37+J37+K37+L37+M37 -> 0 | O37: =E37*N37 -> 0
B38: 메티에 헤이즐럿시럽(700ml) | C38: 1box=8ea | D38: ea | E38: 6870 | F38: 8 | G38: 54960 | N38: =I38+J38+K38+L38+M38 -> 0 | O38: =E38*N38 -> 0
B39: 메티에 바닐라시럽(750ml) | C39: 1box=8ea | D39: ea | E39: 7360 | F39: 8 | G39: 58880 | H39: 1 | I39: 2 | J39: 1 | K39: 1 | L39: 1 | N39: =I39+J39+K39+L39+M39 -> 5 | O39: =E39*N39 -> 36800
B40: 메티에 헤이즐럿시럽(750ml) | C40: 1box=8ea | D40: ea | E40: 7360 | F40: 8 | G40: 58880 | H40: 1 | K40: 1 | N40: =I40+J40+K40+L40+M40 -> 1 | O40: =E40*N40 -> 7360
A41: 성원애드피아 | B41: 적립쿠폰 | C41: 1bundle=500ea | D41: ea | E41: 6.4 | F41: 500 | G41: 3200 | N41: =I41+J41+K41+L41+M41 -> 0 | O41: =E41*N41 -> 0
B42: 유통기한 스티커 | C42: 1bundle=1000ea | D42: ea | E42: 4.69 | F42: 1000 | G42: 4690 | N42: =I42+J42+K42+L42+M42 -> 0 | O42: =E42*N42 -> 0
A43: 휴럼 | B43: 민트초코파우더 | C43: 1box = 12ea | D43: ea | E43: 7700 | F43: 12 | G43: 92400 | H43: 1 | I43: 2 | N43: =I43+J43+K43+L43+M43 -> 2 | O43: =E43*N43 -> 15400
B44: 다크초코파우더 | C44: 1box = 12ea | D44: ea | E44: 6200 | F44: 12 | G44: 74400 | H44: 1 | L44: 1 | N44: =I44+J44+K44+L44+M44 -> 1 | O44: =E44*N44 -> 6200
B45: 청귤베이스 | C45: 1box = 12ea | D45: ea | E45: 6700 | F45: 12 | G45: 80400 | H45: 1 | N45: =I45+J45+K45+L45+M45 -> 0 | O45: =E45*N45 -> 0
B46: 요거에스플레인 | C46: 1box=12ea | D46: ea | E46: 7250 | F46: 12 | G46: 87000 | H46: 1 | I46: 2 | N46: =I46+J46+K46+L46+M46 -> 2 | O46: =E46*N46 -> 14500
B47: 흑당베이스 | C47: 1kg x 12ea | D47: ea | E47: 5300 | F47: 12 | G47: 63600 | I47: 2 | N47: =I47+J47+K47+L47+M47 -> 2 | O47: =E47*N47 -> 10600
B48: 쿠키앤크림 파우더 | C48: 1kg x 12ea | D48: ea | E48: 6600 | F48: 12 | G48: 79200 | I48: 1 | L48: 1 | N48: =I48+J48+K48+L48+M48 -> 2 | O48: =E48*N48 -> 13200
B49: 자몽 베이스 | C49: 1.8kg x 6ea | D49: ea | E49: 14500 | F49: 6 | G49: 87000 | N49: =I49+J49+K49+L49+M49 -> 0 | O49: =E49*N49 -> 0
B50: 수박 베이스 | C50: 1.8kg x 6ea | D50: ea | E50: 11000 | F50: 6 | G50: 66000 | N50: =I50+J50+K50+L50+M50 -> 0 | O50: =E50*N50 -> 0
B51: 자두 스무디 | C51: 1.8kg x 6ea | D51: ea | E51: 7000 | F51: 6 | G51: 42000 | I51: 1 | N51: =I51+J51+K51+L51+M51 -> 1 | O51: =E51*N51 -> 7000
B52: 크림소다 베이스 | C52: 1.8kg x 6ea | D52: ea | E52: 9000 | F52: 6 | G52: 54000 | I52: 1 | N52: =I52+J52+K52+L52+M52 -> 1 | O52: =E52*N52 -> 9000
B53: 제주하늘 말차 파우더 (24년 추가) | C53: 500g * 12ea | D53: ea | E53: 5300 | F53: 12 | G53: =F53*E53 -> 63600 | I53: 1 | N53: =I53+J53+K53+L53+M53 -> 1 | O53: =E53*N53 -> 5300
B54: 공주밤 베이스 파우더 (24년 추가) | C54: 1kg x 12ea | D54: ea | E54: 7900 | F54: 12 | G54: =F54*E54 -> 94800 | L54: 2 | N54: =I54+J54+K54+L54+M54 -> 2 | O54: =E54*N54 -> 15800
B55: 피스타치오 파우더 (24년 추가) | C55: 1kg x 12ea | D55: ea | E55: 8400 | F55: 12 | G55: =F55*E55 -> 100800 | L55: 2 | N55: =I55+J55+K55+L55+M55 -> 2 | O55: =E55*N55 -> 16800
B56: 17곡 파우더 | C56: 1kg x 12ea | D56: ea | E56: 4500 | F56: 12 | G56: 54000 | H56: 1 | J56: 2 | N56: =I56+J56+K56+L56+M56 -> 2 | O56: =E56*N56 -> 9000
B57: 토피넛파우더 | C57: 1box=12ea | D57: ea | E57: 6700 | F57: 12 | G57: 80400 | I57: 2 | N57: =I57+J57+K57+L57+M57 -> 2 | O57: =E57*N57 -> 13400
A58: 세미기업 | B58: 딸기스무디 원액 | C58: 1.8kg x 6ea | D58: ea | E58: 6900 | F58: 6 | G58: 41400 | I58: 2 | N58: =I58+J58+K58+L58+M58 -> 2 | O58: =E58*N58 -> 13800
B59: 망고스무디 원액 | C59: 1.8kg x 6ea | D59: ea | E59: 6900 | F59: 6 | G59: 41400 | N59: =I59+J59+K59+L59+M59 -> 0 | O59: =E59*N59 -> 0
B60: 베리믹스스무디 원액 | C60: 1.8kg x 6ea | D60: ea | E60: 6800 | F60: 6 | G60: 40800 | J60: 2 | N60: =I60+J60+K60+L60+M60 -> 2 | O60: =E60*N60 -> 13600
B61: 베버시티 레몬에이드 | C61: 1kg x 4ea | D61: ea | E61: 15000 | F61: 4 | G61: 60000 | I61: 2 | N61: =I61+J61+K61+L61+M61 -> 2 | O61: =E61*N61 -> 30000
B62: 녹차라떼 | C62: 500g x 6ea | D62: ea | E62: 5300 | F62: 6 | G62: 31800 | N62: =I62+J62+K62+L62+M62 -> 0 | O62: =E62*N62 -> 0
B63: 홍차라떼 | C63: 500g x 6ea | D63: ea | E63: 6600 | F63: 6 | G63: 39600 | H63: 1 | N63: =I63+J63+K63+L63+M63 -> 0 | O63: =E63*N63 -> 0
B64: 고구마페이스트 | C64: 1kg x 10ea | D64: ea | E64: 5600 | F64: 10 | G64: 56000 | N64: =I64+J64+K64+L64+M64 -> 0 | O64: =E64*N64 -> 0
B65: 군고구마 베이스 (24년 추가) | C65: 1kg x 6ea | D65: ea | E65: 7000 | F65: 6 | G65: =F65*E65 -> 42000 | H65: 2 | N65: =I65+J65+K65+L65+M65 -> 0 | O65: =E65*N65 -> 0
B66: 토라니 초코소스 | C66: 1.89L x 4ea | D66: ea | E66: 14100 | F66: 4 | G66: 56400 | H66: 1 | N66: =I66+J66+K66+L66+M66 -> 0 | O66: =E66*N66 -> 0
B67: 토라니 카라멜소스 | C67: 1.89L x 4ea | D67: ea | E67: 15100 | F67: 4 | G67: 60400 | J67: 1 | N67: =I67+J67+K67+L67+M67 -> 1 | O67: =E67*N67 -> 15100
B68: 베버시티 청포도에이드 | C68: 1kg x 4ea | D68: ea | E68: 15300 | F68: 4 | G68: 61200 | J68: 1 | N68: =I68+J68+K68+L68+M68 -> 1 | O68: =E68*N68 -> 15300
A69: 손맛커피 | B69: 신규 원두 | C69: 1box=10kg | D69: ea | E69: 11000 | F69: 10 | G69: 110000 | H69: 16 | I69: 6 | J69: 10 | K69: 5 | L69: 8 | N69: =I69+J69+K69+L69+M69 -> 29 | O69: =E69*N69 -> 319000
B70: 디카페인 원두 | C70: 1box=10kg | D70: ea | E70: 19000 | F70: 10 | G70: 190000 | L70: 1 | N70: =I70+J70+K70+L70+M70 -> 1 | O70: =E70*N70 -> 19000
A71: 성유엔터프라이즈 | B71: 티칸 캐모마일 | C71: 1box=10pack | D71: pack | E71: 4000 | F71: 1 | G71: 4000 | H71: 1.22 | L71: 1 | N71: =I71+J71+K71+L71+M71 -> 1 | O71: =E71*N71 -> 4000
B72: 티칸 페퍼민트 | C72: 1box=10pack | D72: pack | E72: 4000 | F72: 1 | G72: 4000 | H72: 1.65 | N72: =I72+J72+K72+L72+M72 -> 0 | O72: =E72*N72 -> 0
B73: 티칸 루이보스오렌지 | C73: 1box=10pack | D73: pack | E73: 4000 | F73: 1 | G73: 4000 | H73: 1.64 | N73: =I73+J73+K73+L73+M73 -> 0 | O73: =E73*N73 -> 0
B74: 티칸 잉글리쉬블랙퍼스트 | C74: 1box=10pack | D74: pack | E74: 4300 | F74: 1 | G74: 4300 | H74: 1.1 | L74: 1 | N74: =I74+J74+K74+L74+M74 -> 1 | O74: =E74*N74 -> 4300
E75: =SUM(E5:E74) -> 334992.21 | F75: =SUM(F5:F74) -> 76679 | G75: =SUM(G5:G74) -> 3552570 | H75: =SUM(H5:H74) -> 13313.61 | I75: =SUM(I5:I74) -> 535 | J75: =SUM(J5:J74) -> 4218 | K75: =SUM(K5:K74) -> 1013 | L75: =SUM(L5:L74) -> 24 | ... O75: =SUM(O5:O74) -> 905810
